build_id,stage,page,review_status_before_correction,limitation
monk-whirling-assault,Lv1〜10,https://poe2-build-navi-jp.github.io/builds/monk/whirling-assault/,partial,全スキル・全サポート・装備・動的ツリーの組合せを実機で再現した検証ではない。数値Lv帯は編集上の目安。
monk-whirling-assault,Lv11〜20,https://poe2-build-navi-jp.github.io/builds/monk/whirling-assault/,partial,全スキル・全サポート・装備・動的ツリーの組合せを実機で再現した検証ではない。数値Lv帯は編集上の目安。
monk-whirling-assault,Lv21〜30,https://poe2-build-navi-jp.github.io/builds/monk/whirling-assault/,partial,全スキル・全サポート・装備・動的ツリーの組合せを実機で再現した検証ではない。数値Lv帯は編集上の目安。
monk-whirling-assault,Lv31〜40,https://poe2-build-navi-jp.github.io/builds/monk/whirling-assault/,unverified,全スキル・全サポート・装備・動的ツリーの組合せを実機で再現した検証ではない。数値Lv帯は編集上の目安。
monk-whirling-assault,Lv41〜キャンペーン終了,https://poe2-build-navi-jp.github.io/builds/monk/whirling-assault/,scope_error,全スキル・全サポート・装備・動的ツリーの組合せを実機で再現した検証ではない。数値Lv帯は編集上の目安。
monk-whirling-assault,Mapping開始,https://poe2-build-navi-jp.github.io/builds/monk/whirling-assault/,partial,全スキル・全サポート・装備・動的ツリーの組合せを実機で再現した検証ではない。数値Lv帯は編集上の目安。
monk-whirling-assault,Early Endgame,https://poe2-build-navi-jp.github.io/builds/monk/whirling-assault/,unverified,全スキル・全サポート・装備・動的ツリーの組合せを実機で再現した検証ではない。数値Lv帯は編集上の目安。
monk-whirling-assault,Endgame完成,https://poe2-build-navi-jp.github.io/builds/monk/whirling-assault/,partial,全スキル・全サポート・装備・動的ツリーの組合せを実機で再現した検証ではない。数値Lv帯は編集上の目安。
mercenary-twister-gemling,Lv1〜10,https://poe2-build-navi-jp.github.io/builds/mercenary/twister-gemling/,partial,全スキル・全サポート・装備・動的ツリーの組合せを実機で再現した検証ではない。数値Lv帯は編集上の目安。
mercenary-twister-gemling,Lv11〜20,https://poe2-build-navi-jp.github.io/builds/mercenary/twister-gemling/,partial,全スキル・全サポート・装備・動的ツリーの組合せを実機で再現した検証ではない。数値Lv帯は編集上の目安。
mercenary-twister-gemling,Lv21〜30,https://poe2-build-navi-jp.github.io/builds/mercenary/twister-gemling/,partial,全スキル・全サポート・装備・動的ツリーの組合せを実機で再現した検証ではない。数値Lv帯は編集上の目安。
mercenary-twister-gemling,Lv31〜40,https://poe2-build-navi-jp.github.io/builds/mercenary/twister-gemling/,partial,全スキル・全サポート・装備・動的ツリーの組合せを実機で再現した検証ではない。数値Lv帯は編集上の目安。
mercenary-twister-gemling,Lv41〜キャンペーン終了,https://poe2-build-navi-jp.github.io/builds/mercenary/twister-gemling/,partial,全スキル・全サポート・装備・動的ツリーの組合せを実機で再現した検証ではない。数値Lv帯は編集上の目安。
mercenary-twister-gemling,Mapping開始,https://poe2-build-navi-jp.github.io/builds/mercenary/twister-gemling/,scope_error,全スキル・全サポート・装備・動的ツリーの組合せを実機で再現した検証ではない。数値Lv帯は編集上の目安。
mercenary-twister-gemling,Early Endgame,https://poe2-build-navi-jp.github.io/builds/mercenary/twister-gemling/,scope_error,全スキル・全サポート・装備・動的ツリーの組合せを実機で再現した検証ではない。数値Lv帯は編集上の目安。
mercenary-twister-gemling,Endgame完成,https://poe2-build-navi-jp.github.io/builds/mercenary/twister-gemling/,error,全スキル・全サポート・装備・動的ツリーの組合せを実機で再現した検証ではない。数値Lv帯は編集上の目安。
warrior-shield-wall-smith,Lv1〜10,https://poe2-build-navi-jp.github.io/builds/warrior/shield-wall-smith/,partial,全スキル・全サポート・装備・動的ツリーの組合せを実機で再現した検証ではない。数値Lv帯は編集上の目安。
warrior-shield-wall-smith,Lv11〜20,https://poe2-build-navi-jp.github.io/builds/warrior/shield-wall-smith/,verified,全スキル・全サポート・装備・動的ツリーの組合せを実機で再現した検証ではない。数値Lv帯は編集上の目安。
warrior-shield-wall-smith,Lv21〜30,https://poe2-build-navi-jp.github.io/builds/warrior/shield-wall-smith/,partial,全スキル・全サポート・装備・動的ツリーの組合せを実機で再現した検証ではない。数値Lv帯は編集上の目安。
warrior-shield-wall-smith,Lv31〜40,https://poe2-build-navi-jp.github.io/builds/warrior/shield-wall-smith/,partial,全スキル・全サポート・装備・動的ツリーの組合せを実機で再現した検証ではない。数値Lv帯は編集上の目安。
warrior-shield-wall-smith,Lv41〜キャンペーン終了,https://poe2-build-navi-jp.github.io/builds/warrior/shield-wall-smith/,partial,全スキル・全サポート・装備・動的ツリーの組合せを実機で再現した検証ではない。数値Lv帯は編集上の目安。
warrior-shield-wall-smith,Mapping開始,https://poe2-build-navi-jp.github.io/builds/warrior/shield-wall-smith/,partial,全スキル・全サポート・装備・動的ツリーの組合せを実機で再現した検証ではない。数値Lv帯は編集上の目安。
warrior-shield-wall-smith,Early Endgame,https://poe2-build-navi-jp.github.io/builds/warrior/shield-wall-smith/,partial,全スキル・全サポート・装備・動的ツリーの組合せを実機で再現した検証ではない。数値Lv帯は編集上の目安。
warrior-shield-wall-smith,Endgame完成,https://poe2-build-navi-jp.github.io/builds/warrior/shield-wall-smith/,partial,全スキル・全サポート・装備・動的ツリーの組合せを実機で再現した検証ではない。数値Lv帯は編集上の目安。
sorceress-sand-fire,Lv1〜10,https://poe2-build-navi-jp.github.io/builds/sorceress/sand-and-fire/,partial_source_review,全スキル・全サポート・装備・動的ツリーの組合せを実機で再現した検証ではない。数値Lv帯は編集上の目安。
sorceress-sand-fire,Lv11〜20,https://poe2-build-navi-jp.github.io/builds/sorceress/sand-and-fire/,partial_source_review,全スキル・全サポート・装備・動的ツリーの組合せを実機で再現した検証ではない。数値Lv帯は編集上の目安。
sorceress-sand-fire,Lv21〜30,https://poe2-build-navi-jp.github.io/builds/sorceress/sand-and-fire/,partial_source_review,全スキル・全サポート・装備・動的ツリーの組合せを実機で再現した検証ではない。数値Lv帯は編集上の目安。
sorceress-sand-fire,Lv31〜40,https://poe2-build-navi-jp.github.io/builds/sorceress/sand-and-fire/,partial_source_review,全スキル・全サポート・装備・動的ツリーの組合せを実機で再現した検証ではない。数値Lv帯は編集上の目安。
sorceress-sand-fire,Lv41〜キャンペーン終了,https://poe2-build-navi-jp.github.io/builds/sorceress/sand-and-fire/,partial_source_review,全スキル・全サポート・装備・動的ツリーの組合せを実機で再現した検証ではない。数値Lv帯は編集上の目安。
sorceress-sand-fire,Mapping開始,https://poe2-build-navi-jp.github.io/builds/sorceress/sand-and-fire/,partial_source_review,全スキル・全サポート・装備・動的ツリーの組合せを実機で再現した検証ではない。数値Lv帯は編集上の目安。
sorceress-sand-fire,Early Endgame,https://poe2-build-navi-jp.github.io/builds/sorceress/sand-and-fire/,partial_source_review,全スキル・全サポート・装備・動的ツリーの組合せを実機で再現した検証ではない。数値Lv帯は編集上の目安。
sorceress-sand-fire,Endgame完成,https://poe2-build-navi-jp.github.io/builds/sorceress/sand-and-fire/,partial_source_review,全スキル・全サポート・装備・動的ツリーの組合せを実機で再現した検証ではない。数値Lv帯は編集上の目安。
huntress-companion,Lv1〜10,https://poe2-build-navi-jp.github.io/builds/huntress/companion/,partial_source_review,全スキル・全サポート・装備・動的ツリーの組合せを実機で再現した検証ではない。数値Lv帯は編集上の目安。
huntress-companion,Lv11〜20,https://poe2-build-navi-jp.github.io/builds/huntress/companion/,partial_source_review,全スキル・全サポート・装備・動的ツリーの組合せを実機で再現した検証ではない。数値Lv帯は編集上の目安。
huntress-companion,Lv21〜30,https://poe2-build-navi-jp.github.io/builds/huntress/companion/,partial_source_review,全スキル・全サポート・装備・動的ツリーの組合せを実機で再現した検証ではない。数値Lv帯は編集上の目安。
huntress-companion,Lv31〜40,https://poe2-build-navi-jp.github.io/builds/huntress/companion/,partial_source_review,全スキル・全サポート・装備・動的ツリーの組合せを実機で再現した検証ではない。数値Lv帯は編集上の目安。
huntress-companion,Lv41〜キャンペーン終了,https://poe2-build-navi-jp.github.io/builds/huntress/companion/,partial_source_review,全スキル・全サポート・装備・動的ツリーの組合せを実機で再現した検証ではない。数値Lv帯は編集上の目安。
huntress-companion,Mapping開始,https://poe2-build-navi-jp.github.io/builds/huntress/companion/,partial_source_review,全スキル・全サポート・装備・動的ツリーの組合せを実機で再現した検証ではない。数値Lv帯は編集上の目安。
huntress-companion,Early Endgame,https://poe2-build-navi-jp.github.io/builds/huntress/companion/,partial_source_review,全スキル・全サポート・装備・動的ツリーの組合せを実機で再現した検証ではない。数値Lv帯は編集上の目安。
huntress-companion,Endgame完成,https://poe2-build-navi-jp.github.io/builds/huntress/companion/,partial_source_review,全スキル・全サポート・装備・動的ツリーの組合せを実機で再現した検証ではない。数値Lv帯は編集上の目安。
ranger-ice-shot-deadeye,Lv1〜10,https://poe2-build-navi-jp.github.io/builds/ranger/ice-shot-deadeye/,partial_source_review,全スキル・全サポート・装備・動的ツリーの組合せを実機で再現した検証ではない。数値Lv帯は編集上の目安。
ranger-ice-shot-deadeye,Lv11〜20,https://poe2-build-navi-jp.github.io/builds/ranger/ice-shot-deadeye/,partial_source_review,全スキル・全サポート・装備・動的ツリーの組合せを実機で再現した検証ではない。数値Lv帯は編集上の目安。
ranger-ice-shot-deadeye,Lv21〜30,https://poe2-build-navi-jp.github.io/builds/ranger/ice-shot-deadeye/,partial_source_review,全スキル・全サポート・装備・動的ツリーの組合せを実機で再現した検証ではない。数値Lv帯は編集上の目安。
ranger-ice-shot-deadeye,Lv31〜40,https://poe2-build-navi-jp.github.io/builds/ranger/ice-shot-deadeye/,partial_source_review,全スキル・全サポート・装備・動的ツリーの組合せを実機で再現した検証ではない。数値Lv帯は編集上の目安。
ranger-ice-shot-deadeye,Lv41〜キャンペーン終了,https://poe2-build-navi-jp.github.io/builds/ranger/ice-shot-deadeye/,partial_source_review,全スキル・全サポート・装備・動的ツリーの組合せを実機で再現した検証ではない。数値Lv帯は編集上の目安。
ranger-ice-shot-deadeye,Mapping開始,https://poe2-build-navi-jp.github.io/builds/ranger/ice-shot-deadeye/,partial_source_review,全スキル・全サポート・装備・動的ツリーの組合せを実機で再現した検証ではない。数値Lv帯は編集上の目安。
ranger-ice-shot-deadeye,Early Endgame,https://poe2-build-navi-jp.github.io/builds/ranger/ice-shot-deadeye/,partial_source_review,全スキル・全サポート・装備・動的ツリーの組合せを実機で再現した検証ではない。数値Lv帯は編集上の目安。
ranger-ice-shot-deadeye,Endgame完成,https://poe2-build-navi-jp.github.io/builds/ranger/ice-shot-deadeye/,partial_source_review,全スキル・全サポート・装備・動的ツリーの組合せを実機で再現した検証ではない。数値Lv帯は編集上の目安。
witch-minion-infernalist,Lv1〜10,https://poe2-build-navi-jp.github.io/builds/witch/minion-infernalist/,partial_source_review,全スキル・全サポート・装備・動的ツリーの組合せを実機で再現した検証ではない。数値Lv帯は編集上の目安。
witch-minion-infernalist,Lv11〜20,https://poe2-build-navi-jp.github.io/builds/witch/minion-infernalist/,partial_source_review,全スキル・全サポート・装備・動的ツリーの組合せを実機で再現した検証ではない。数値Lv帯は編集上の目安。
witch-minion-infernalist,Lv21〜30,https://poe2-build-navi-jp.github.io/builds/witch/minion-infernalist/,partial_source_review,全スキル・全サポート・装備・動的ツリーの組合せを実機で再現した検証ではない。数値Lv帯は編集上の目安。
witch-minion-infernalist,Lv31〜40,https://poe2-build-navi-jp.github.io/builds/witch/minion-infernalist/,partial_source_review,全スキル・全サポート・装備・動的ツリーの組合せを実機で再現した検証ではない。数値Lv帯は編集上の目安。
witch-minion-infernalist,Lv41〜キャンペーン終了,https://poe2-build-navi-jp.github.io/builds/witch/minion-infernalist/,partial_source_review,全スキル・全サポート・装備・動的ツリーの組合せを実機で再現した検証ではない。数値Lv帯は編集上の目安。
witch-minion-infernalist,Mapping開始,https://poe2-build-navi-jp.github.io/builds/witch/minion-infernalist/,partial_source_review,全スキル・全サポート・装備・動的ツリーの組合せを実機で再現した検証ではない。数値Lv帯は編集上の目安。
witch-minion-infernalist,Early Endgame,https://poe2-build-navi-jp.github.io/builds/witch/minion-infernalist/,partial_source_review,全スキル・全サポート・装備・動的ツリーの組合せを実機で再現した検証ではない。数値Lv帯は編集上の目安。
witch-minion-infernalist,Endgame完成,https://poe2-build-navi-jp.github.io/builds/witch/minion-infernalist/,partial_source_review,全スキル・全サポート・装備・動的ツリーの組合せを実機で再現した検証ではない。数値Lv帯は編集上の目安。
druid-plant-oracle,Lv1〜10,https://poe2-build-navi-jp.github.io/builds/druid/plant-oracle/,partial_source_review,全スキル・全サポート・装備・動的ツリーの組合せを実機で再現した検証ではない。数値Lv帯は編集上の目安。
druid-plant-oracle,Lv11〜20,https://poe2-build-navi-jp.github.io/builds/druid/plant-oracle/,partial_source_review,全スキル・全サポート・装備・動的ツリーの組合せを実機で再現した検証ではない。数値Lv帯は編集上の目安。
druid-plant-oracle,Lv21〜30,https://poe2-build-navi-jp.github.io/builds/druid/plant-oracle/,partial_source_review,全スキル・全サポート・装備・動的ツリーの組合せを実機で再現した検証ではない。数値Lv帯は編集上の目安。
druid-plant-oracle,Lv31〜40,https://poe2-build-navi-jp.github.io/builds/druid/plant-oracle/,partial_source_review,全スキル・全サポート・装備・動的ツリーの組合せを実機で再現した検証ではない。数値Lv帯は編集上の目安。
druid-plant-oracle,Lv41〜キャンペーン終了,https://poe2-build-navi-jp.github.io/builds/druid/plant-oracle/,partial_source_review,全スキル・全サポート・装備・動的ツリーの組合せを実機で再現した検証ではない。数値Lv帯は編集上の目安。
druid-plant-oracle,Mapping開始,https://poe2-build-navi-jp.github.io/builds/druid/plant-oracle/,partial_source_review,全スキル・全サポート・装備・動的ツリーの組合せを実機で再現した検証ではない。数値Lv帯は編集上の目安。
druid-plant-oracle,Early Endgame,https://poe2-build-navi-jp.github.io/builds/druid/plant-oracle/,partial_source_review,全スキル・全サポート・装備・動的ツリーの組合せを実機で再現した検証ではない。数値Lv帯は編集上の目安。
druid-plant-oracle,Endgame完成,https://poe2-build-navi-jp.github.io/builds/druid/plant-oracle/,partial_source_review,全スキル・全サポート・装備・動的ツリーの組合せを実機で再現した検証ではない。数値Lv帯は編集上の目安。
witch-ed-contagion-lich,Lv1〜10,https://poe2-build-navi-jp.github.io/builds/witch/ed-contagion-lich/,partial_source_review,全スキル・全サポート・装備・動的ツリーの組合せを実機で再現した検証ではない。数値Lv帯は編集上の目安。
witch-ed-contagion-lich,Lv11〜20,https://poe2-build-navi-jp.github.io/builds/witch/ed-contagion-lich/,partial_source_review,全スキル・全サポート・装備・動的ツリーの組合せを実機で再現した検証ではない。数値Lv帯は編集上の目安。
witch-ed-contagion-lich,Lv21〜30,https://poe2-build-navi-jp.github.io/builds/witch/ed-contagion-lich/,partial_source_review,全スキル・全サポート・装備・動的ツリーの組合せを実機で再現した検証ではない。数値Lv帯は編集上の目安。
witch-ed-contagion-lich,Lv31〜40,https://poe2-build-navi-jp.github.io/builds/witch/ed-contagion-lich/,partial_source_review,全スキル・全サポート・装備・動的ツリーの組合せを実機で再現した検証ではない。数値Lv帯は編集上の目安。
witch-ed-contagion-lich,Lv41〜キャンペーン終了,https://poe2-build-navi-jp.github.io/builds/witch/ed-contagion-lich/,partial_source_review,全スキル・全サポート・装備・動的ツリーの組合せを実機で再現した検証ではない。数値Lv帯は編集上の目安。
witch-ed-contagion-lich,Mapping開始,https://poe2-build-navi-jp.github.io/builds/witch/ed-contagion-lich/,partial_source_review,全スキル・全サポート・装備・動的ツリーの組合せを実機で再現した検証ではない。数値Lv帯は編集上の目安。
witch-ed-contagion-lich,Early Endgame,https://poe2-build-navi-jp.github.io/builds/witch/ed-contagion-lich/,partial_source_review,全スキル・全サポート・装備・動的ツリーの組合せを実機で再現した検証ではない。数値Lv帯は編集上の目安。
witch-ed-contagion-lich,Endgame完成,https://poe2-build-navi-jp.github.io/builds/witch/ed-contagion-lich/,partial_source_review,全スキル・全サポート・装備・動的ツリーの組合せを実機で再現した検証ではない。数値Lv帯は編集上の目安。
mercenary-grenade-gemling,Lv1〜10,https://poe2-build-navi-jp.github.io/builds/mercenary/grenade-gemling/,partial,全スキル・全サポート・装備・動的ツリーの組合せを実機で再現した検証ではない。数値Lv帯は編集上の目安。
mercenary-grenade-gemling,Lv11〜20,https://poe2-build-navi-jp.github.io/builds/mercenary/grenade-gemling/,verified,全スキル・全サポート・装備・動的ツリーの組合せを実機で再現した検証ではない。数値Lv帯は編集上の目安。
mercenary-grenade-gemling,Lv21〜30,https://poe2-build-navi-jp.github.io/builds/mercenary/grenade-gemling/,partial,全スキル・全サポート・装備・動的ツリーの組合せを実機で再現した検証ではない。数値Lv帯は編集上の目安。
mercenary-grenade-gemling,Lv31〜40,https://poe2-build-navi-jp.github.io/builds/mercenary/grenade-gemling/,partial,全スキル・全サポート・装備・動的ツリーの組合せを実機で再現した検証ではない。数値Lv帯は編集上の目安。
mercenary-grenade-gemling,Lv41〜キャンペーン終了,https://poe2-build-navi-jp.github.io/builds/mercenary/grenade-gemling/,partial,全スキル・全サポート・装備・動的ツリーの組合せを実機で再現した検証ではない。数値Lv帯は編集上の目安。
mercenary-grenade-gemling,Mapping開始,https://poe2-build-navi-jp.github.io/builds/mercenary/grenade-gemling/,partial,全スキル・全サポート・装備・動的ツリーの組合せを実機で再現した検証ではない。数値Lv帯は編集上の目安。
mercenary-grenade-gemling,Early Endgame,https://poe2-build-navi-jp.github.io/builds/mercenary/grenade-gemling/,partial,全スキル・全サポート・装備・動的ツリーの組合せを実機で再現した検証ではない。数値Lv帯は編集上の目安。
mercenary-grenade-gemling,Endgame完成,https://poe2-build-navi-jp.github.io/builds/mercenary/grenade-gemling/,partial,全スキル・全サポート・装備・動的ツリーの組合せを実機で再現した検証ではない。数値Lv帯は編集上の目安。
huntress-twister-spirit-walker,Lv1〜10,https://poe2-build-navi-jp.github.io/builds/huntress/twister-spirit-walker/,scope_error,全スキル・全サポート・装備・動的ツリーの組合せを実機で再現した検証ではない。数値Lv帯は編集上の目安。
huntress-twister-spirit-walker,Lv11〜20,https://poe2-build-navi-jp.github.io/builds/huntress/twister-spirit-walker/,scope_error,全スキル・全サポート・装備・動的ツリーの組合せを実機で再現した検証ではない。数値Lv帯は編集上の目安。
huntress-twister-spirit-walker,Lv21〜30,https://poe2-build-navi-jp.github.io/builds/huntress/twister-spirit-walker/,partial,全スキル・全サポート・装備・動的ツリーの組合せを実機で再現した検証ではない。数値Lv帯は編集上の目安。
huntress-twister-spirit-walker,Lv31〜40,https://poe2-build-navi-jp.github.io/builds/huntress/twister-spirit-walker/,partial,全スキル・全サポート・装備・動的ツリーの組合せを実機で再現した検証ではない。数値Lv帯は編集上の目安。
huntress-twister-spirit-walker,Lv41〜キャンペーン終了,https://poe2-build-navi-jp.github.io/builds/huntress/twister-spirit-walker/,partial,全スキル・全サポート・装備・動的ツリーの組合せを実機で再現した検証ではない。数値Lv帯は編集上の目安。
huntress-twister-spirit-walker,Mapping開始,https://poe2-build-navi-jp.github.io/builds/huntress/twister-spirit-walker/,partial,全スキル・全サポート・装備・動的ツリーの組合せを実機で再現した検証ではない。数値Lv帯は編集上の目安。
huntress-twister-spirit-walker,Early Endgame,https://poe2-build-navi-jp.github.io/builds/huntress/twister-spirit-walker/,partial,全スキル・全サポート・装備・動的ツリーの組合せを実機で再現した検証ではない。数値Lv帯は編集上の目安。
huntress-twister-spirit-walker,Endgame完成,https://poe2-build-navi-jp.github.io/builds/huntress/twister-spirit-walker/,unverified,全スキル・全サポート・装備・動的ツリーの組合せを実機で再現した検証ではない。数値Lv帯は編集上の目安。
sorceress-spark-stormweaver,Lv1〜10,https://poe2-build-navi-jp.github.io/builds/sorceress/spark-stormweaver/,partial,全スキル・全サポート・装備・動的ツリーの組合せを実機で再現した検証ではない。数値Lv帯は編集上の目安。
sorceress-spark-stormweaver,Lv11〜20,https://poe2-build-navi-jp.github.io/builds/sorceress/spark-stormweaver/,partial,全スキル・全サポート・装備・動的ツリーの組合せを実機で再現した検証ではない。数値Lv帯は編集上の目安。
sorceress-spark-stormweaver,Lv21〜30,https://poe2-build-navi-jp.github.io/builds/sorceress/spark-stormweaver/,verified,全スキル・全サポート・装備・動的ツリーの組合せを実機で再現した検証ではない。数値Lv帯は編集上の目安。
sorceress-spark-stormweaver,Lv31〜40,https://poe2-build-navi-jp.github.io/builds/sorceress/spark-stormweaver/,partial,全スキル・全サポート・装備・動的ツリーの組合せを実機で再現した検証ではない。数値Lv帯は編集上の目安。
sorceress-spark-stormweaver,Lv41〜キャンペーン終了,https://poe2-build-navi-jp.github.io/builds/sorceress/spark-stormweaver/,partial,全スキル・全サポート・装備・動的ツリーの組合せを実機で再現した検証ではない。数値Lv帯は編集上の目安。
sorceress-spark-stormweaver,Mapping開始,https://poe2-build-navi-jp.github.io/builds/sorceress/spark-stormweaver/,partial,全スキル・全サポート・装備・動的ツリーの組合せを実機で再現した検証ではない。数値Lv帯は編集上の目安。
sorceress-spark-stormweaver,Early Endgame,https://poe2-build-navi-jp.github.io/builds/sorceress/spark-stormweaver/,verified,全スキル・全サポート・装備・動的ツリーの組合せを実機で再現した検証ではない。数値Lv帯は編集上の目安。
sorceress-spark-stormweaver,Endgame完成,https://poe2-build-navi-jp.github.io/builds/sorceress/spark-stormweaver/,scope_error,全スキル・全サポート・装備・動的ツリーの組合せを実機で再現した検証ではない。数値Lv帯は編集上の目安。
