claim_id,checked_at,game_context,page_urls,claim_before_correction,audit_status,evidence_level,source_urls,scope
R01,2026-10-06 JST,0.5.5 / official latest 0.5.5d,https://poe2-build-navi-jp.github.io/poe2-1-0/ | https://poe2-build-navi-jp.github.io/poe2-1-0/release-date/ | https://poe2-build-navi-jp.github.io/poe2-1-0/how-to-start/ | https://poe2-build-navi-jp.github.io/poe2-1-0/duelist/ | https://poe2-build-navi-jp.github.io/what-is-poe2/ | https://poe2-build-navi-jp.github.io/beginner-guide/,1.0予定日2026-12-11、基本プレイ無料、Duelist追加。,verified,primary_or_direct_interview,https://www.pathofexile.com/forum/view-thread/3999366 | https://www.pathofexile.com/forum/view-thread/3999858 | https://www.pathofexile.com/forum/view-thread/4007706,
R02,2026-10-06 JST,0.5.5 / official latest 0.5.5d,https://poe2-build-navi-jp.github.io/poe2-1-0/ | https://poe2-build-navi-jp.github.io/what-is-poe2/ | https://poe2-build-navi-jp.github.io/beginner-guide/,一部見出し、紹介文、FAQ、discovery.jsonは2026年12月11日とだけ表示。,needs_precision,primary_or_direct_interview,https://www.pathofexile.com/forum/view-thread/3999366,release-dateページ本文は既にPST・日本時刻未確定を正しく説明。
R03,2026-10-06 JST,0.5.5 / official latest 0.5.5d,https://poe2-build-navi-jp.github.io/poe2-1-0/release-date/,確認した発表には正確な開始時刻がない。,verified,primary_or_direct_interview,https://www.pathofexile.com/forum/view-thread/3999366 | https://www.pathofexile.com/forum/view-thread/4007706,全公式媒体で未発表であることまでは証明していない。
R04,2026-10-06 JST,0.5.5 / official latest 0.5.5d,https://poe2-build-navi-jp.github.io/guides/poe2-0-5-5-builds/ | https://poe2-build-navi-jp.github.io/guides/forbidden-rites-beginner/ | https://poe2-build-navi-jp.github.io/poe2-1-0/release-date/,Forbidden Rites開始は2026-09-04。8チャレンジ・Trial of Chaos改善。,needs_precision,primary_or_direct_interview,https://www.pathofexile.com/forum/view-thread/3999858 | https://www.pathofexile.com/forum/view-thread/4000430,
R05,2026-10-06 JST,0.5.5 / official latest 0.5.5d,https://poe2-build-navi-jp.github.io/ | https://poe2-build-navi-jp.github.io/beginner-guide/ | https://poe2-build-navi-jp.github.io/builds/,最新パッチ0.5.5d、対応環境0.5.5。,verified,primary_or_direct_interview,https://www.pathofexile.com/forum/view-thread/4008534 | https://www.pathofexile.com/forum/view-forum/2212,パッチの存在・最新表示の検証であり、各ビルドの動作保証ではない。
R06,2026-10-06 JST,0.5.5 / official latest 0.5.5d,https://poe2-build-navi-jp.github.io/poe2-1-0/release-date/ | https://poe2-build-navi-jp.github.io/poe2-1-0/how-to-start/ | https://poe2-build-navi-jp.github.io/poe2-1-0/duelist/ | https://poe2-build-navi-jp.github.io/poe2-1-0/pre-registration/,ExileConは2026-11-07〜08、NZ時間、Auckland。,verified,primary_or_direct_interview,https://pathofexile2.com/th/exilecon,
R07,2026-10-06 JST,0.5.5 / official latest 0.5.5d,https://poe2-build-navi-jp.github.io/poe2-1-0/release-date/ | https://poe2-build-navi-jp.github.io/poe2-1-0/duelist/,gamescom reveal / Aug27 Deep Dive / Sep24 Steam Deck Verified。,verified,primary_or_direct_interview,https://www.pathofexile.com/forum/view-thread/3999366 | https://www.pathofexile.com/forum/view-thread/3999858 | https://www.pathofexile.com/forum/view-thread/4007706,
R08,2026-10-06 JST,0.5.5 / official latest 0.5.5d,https://poe2-build-navi-jp.github.io/poe2-1-0/duelist/,"gamescom試遊は5日間、9,000人超。",verified,primary_or_direct_interview,https://www.pathofexile.com/forum/view-thread/4002197 | https://www.pathofexile.com/forum/view-thread/3996271,Hall 6.1も公式告知3996271で確認済み。
R09,2026-10-06 JST,0.5.5 / official latest 0.5.5d,https://poe2-build-navi-jp.github.io/poe2-1-0/duelist/,正確なスキル・パッシブ・ビルド・Tierは「未発表」なので掲載しない。,needs_precision,primary_or_direct_interview,https://www.pathofexile.com/forum/view-thread/3999858 | https://www.youtube.com/watch?v=WMo3RYyr4vY | https://www.pcgamesn.com/path-of-exile-2/1-0-interview-melee-duelist-swords,公式previewは存在する。動画の全スキル名・数値はこの監査では未検証。
R10,2026-10-06 JST,0.5.5 / official latest 0.5.5d,https://poe2-build-navi-jp.github.io/poe2-1-0/duelist/,武器は新しい武器種とだけ紹介し、剣は動画題名のみに限定。,needs_precision,primary_or_direct_interview,https://www.pcgamesn.com/path-of-exile-2/1-0-interview-melee-duelist-swords | https://www.pathofexile.com/forum/view-thread/4002197,直接インタビューはGGG公式本文ではなく、公式recapから紹介された一次取材。公式動画の映像確認後に追加すると最も堅い。
R11,2026-10-06 JST,0.5.5 / official latest 0.5.5d,https://poe2-build-navi-jp.github.io/poe2-1-0/build-status/,1.0未確認ビルドは0.5.5として保持し、元ガイド・スキル・装備等を確認後に認定する。,editorial,primary_or_direct_interview,https://www.pathofexile.com/forum/view-thread/3999366,
R12,2026-10-06 JST,0.5.5 / official latest 0.5.5d,https://poe2-build-navi-jp.github.io/poe2-1-0/release-date/ | https://poe2-build-navi-jp.github.io/poe2-1-0/how-to-start/,アーリーアクセスのキャラクターの扱いは未確認とする。,needs_precision,primary_or_direct_interview,https://www.pathofexile.com/forum/view-thread/3587981,2024年FAQがすべての1.0詳細を保証するとは扱わないが、既発表方針を全く未確認とはしない。
R13,2026-10-06 JST,0.5.5 / official latest 0.5.5d,https://poe2-build-navi-jp.github.io/poe2-1-0/how-to-start/ | https://poe2-build-navi-jp.github.io/poe2-1-0/release-date/ | https://poe2-build-navi-jp.github.io/what-is-poe2/,早期アクセスにはSteamでサポーターパック購入（またはキー購入）が必須。,error,primary_or_direct_interview,https://www.pathofexile.com/forum/view-thread/3587981,新規Steamストア購入方法としては正しいが、普遍的な必要条件としては誤り。
R14,2026-10-06 JST,0.5.5 / official latest 0.5.5d,https://poe2-build-navi-jp.github.io/poe2-1-0/how-to-start/ | https://poe2-build-navi-jp.github.io/what-is-poe2/ | https://poe2-build-navi-jp.github.io/poe2-1-0/controller/ | https://poe2-build-navi-jp.github.io/poe2-1-0/system-requirements/,PC・Steam・Epic・PS5・Xbox Series、cross-play/cross-progression。,verified,primary_or_direct_interview,https://www.pathofexile.com/forum/view-thread/3587981 | https://www.pathofexile.com/forum/view-thread/3586288/filter-account-type/staff,
R15,2026-10-06 JST,0.5.5 / official latest 0.5.5d,https://poe2-build-navi-jp.github.io/poe2-1-0/how-to-start/ | https://poe2-build-navi-jp.github.io/what-is-poe2/ | https://poe2-build-navi-jp.github.io/poe2-1-0/controller/,同じアカウントなら機種間で進行を共有できる。,needs_precision,primary_or_direct_interview,https://www.pathofexile.com/forum/view-thread/3586288/filter-account-type/staff | https://www.pathofexile.com/forum/view-thread/3589964,既存PC/consoleアカウントを連携しただけでキャラクターが一つに統合されるわけではない。
R16,2026-10-06 JST,0.5.5 / official latest 0.5.5d,https://poe2-build-navi-jp.github.io/poe2-1-0/how-to-start/ | https://poe2-build-navi-jp.github.io/poe2-1-0/microtransactions/ | https://poe2-build-navi-jp.github.io/poe2-1-0/controller/ | https://poe2-build-navi-jp.github.io/what-is-poe2/,PlayStation購入品はPS専用、PC/Xboxは共有。,needs_precision,primary_or_direct_interview,https://www.pathofexile.com/forum/view-thread/3586288/filter-account-type/staff,
R17,2026-10-06 JST,0.5.5 / official latest 0.5.5d,https://poe2-build-navi-jp.github.io/poe2-1-0/how-to-start/,正式版以降は列挙した全ストアから無料入手できる。,unverified,primary_or_direct_interview,https://www.pathofexile.com/forum/view-thread/3999366 | https://www.pathofexile.com/forum/view-thread/3587981 | https://www.pathofexile.com/forum/view-thread/3999673,F2Pと対応機種は確定。厳密な全ストアの1.0配布方法は今回GGG本文だけで独立確認していない。
R18,2026-10-06 JST,0.5.5 / official latest 0.5.5d,https://poe2-build-navi-jp.github.io/poe2-1-0/system-requirements/ | https://poe2-build-navi-jp.github.io/poe2-1-0/how-to-start/ | https://poe2-build-navi-jp.github.io/what-is-poe2/,Windows最低・推奨CPU/RAM/GPU/DX12/100GB/SSD要件はSteam記載。,verified,primary_or_direct_interview,https://store.steampowered.com/app/2694490/Path_of_Exile_2/,
R19,2026-10-06 JST,0.5.5 / official latest 0.5.5d,https://poe2-build-navi-jp.github.io/poe2-1-0/system-requirements/,SteamのRyzen 5 3700Xを実在製品ではRyzen 7 3700Xと補正説明。,verified,primary_or_direct_interview,https://store.steampowered.com/app/2694490/Path_of_Exile_2/ | https://www.amd.com/en/support/downloads/drivers.html/processors/ryzen/ryzen-3000-series/amd-ryzen-7-3700x.html,CPU製品名Ryzen 7 3700XはAMD一次資料で確認。Steam原文の誤記を黙って置換しない。
R20,2026-10-06 JST,0.5.5 / official latest 0.5.5d,https://poe2-build-navi-jp.github.io/poe2-1-0/system-requirements/ | https://poe2-build-navi-jp.github.io/poe2-1-0/how-to-start/ | https://poe2-build-navi-jp.github.io/what-is-poe2/,SteamにMacの必要スペックがあるが、Mac対応は確認中。,needs_precision,primary_or_direct_interview,https://store.steampowered.com/api/appdetails?appids=2694490 | https://www.pathofexile.com/forum/view-thread/3587981,サイトの既存注意は概ね慎重で誤りではない。Macハード購入判断に利用されないよう改善。
R21,2026-10-06 JST,0.5.5 / official latest 0.5.5d,https://poe2-build-navi-jp.github.io/poe2-1-0/system-requirements/,オンライン専用、Windows設定/dxdiag/Explorerでスペック確認する手順。,needs_precision,primary_or_direct_interview,https://store.steampowered.com/app/2694490/Path_of_Exile_2/ | https://support.microsoft.com/en-us/windows/experience/find-information-about-your-windows-device,ブロードバンド必須・設定のSystem/Aboutは検証済み。全Windows手順を未確認とは扱わない。
R22,2026-10-06 JST,0.5.5 / official latest 0.5.5d,https://poe2-build-navi-jp.github.io/poe2-1-0/japanese/ | https://poe2-build-navi-jp.github.io/poe2-1-0/system-requirements/ | https://poe2-build-navi-jp.github.io/what-is-poe2/,Steam:日本語表示・字幕対応、英語のみfull audio、9言語。,verified,primary_or_direct_interview,https://store.steampowered.com/app/2694490/Path_of_Exile_2/,
R23,2026-10-06 JST,0.5.5 / official latest 0.5.5d,https://poe2-build-navi-jp.github.io/poe2-1-0/japanese/,Esc/歯車→Interface→日本語→再起動。,unverified,primary_or_direct_interview,https://store.steampowered.com/app/2694490/Path_of_Exile_2/,日本語対応は検証済み。設定位置・再起動必須は今回一次資料で検証できない。
R24,2026-10-06 JST,0.5.5 / official latest 0.5.5d,https://poe2-build-navi-jp.github.io/poe2-1-0/japanese/,console日本語設定、1.0日本語音声追加、日本語誤訳報告手順は未確認。,editorial,primary_or_direct_interview,https://store.steampowered.com/app/2694490/Path_of_Exile_2/,PoE1用の古い日本語翻訳掲示板手順をPoE2へ転用しない。
R25,2026-10-06 JST,0.5.5 / official latest 0.5.5d,https://poe2-build-navi-jp.github.io/poe2-1-0/controller/ | https://poe2-build-navi-jp.github.io/poe2-1-0/system-requirements/,Steam PCフルコントローラー、DualShock/DualSense対応。,verified,primary_or_direct_interview,https://store.steampowered.com/api/appdetails?appids=2694490,
R26,2026-10-06 JST,0.5.5 / official latest 0.5.5d,https://poe2-build-navi-jp.github.io/poe2-1-0/controller/,ツインスティック風・左スティック移動・ボタン/トリガーへ割り当て・WASD移動。,unverified,primary_or_direct_interview,https://www.pathofexile.com/forum/view-thread/3826682/filter-account-type/staff,"WASD and click-to-move existence verified; exact controller buttons, tutorial UI steps and qualitative feel not independently reproduced."
R27,2026-10-06 JST,0.5.5 / official latest 0.5.5d,https://poe2-build-navi-jp.github.io/poe2-1-0/controller/,入力切替手順と個別Xbox controllerモデルの対応が未確認。,editorial,primary_or_direct_interview,https://store.steampowered.com/api/appdetails?appids=2694490,
R28,2026-10-06 JST,0.5.5 / official latest 0.5.5d,https://poe2-build-navi-jp.github.io/poe2-1-0/pre-registration/ | https://poe2-build-navi-jp.github.io/poe2-1-0/release-date/,メール入力と確認、アカウントと別メール可、新旧ユーザー可、公開後コード、全対応機種、Brevo、解除注意。,verified,primary_or_direct_interview,https://www.pathofexile.com/forum/view-thread/3999673,
R29,2026-10-06 JST,0.5.5 / official latest 0.5.5d,https://poe2-build-navi-jp.github.io/poe2-1-0/pre-registration/ | https://poe2-build-navi-jp.github.io/poe2-1-0/release-date/,Soulflame含む最低2報酬、最大5、残り3、期限Dec11 PST。,verified,primary_or_direct_interview,https://www.pathofexile.com/forum/view-thread/4007322 | https://www.pathofexile.com/forum/view-thread/3999673,
R30,2026-10-06 JST,0.5.5 / official latest 0.5.5d,https://poe2-build-navi-jp.github.io/poe2-1-0/pre-registration/,12月10日までの登録なら「確実」。,needs_precision,primary_or_direct_interview,https://www.pathofexile.com/forum/view-thread/4007322 | https://www.pathofexile.com/forum/view-thread/3999673 | https://www.pathofexile.com/forum/view-thread/4000887,旧告知Dec10と現行Dec11 PSTの両方を一次資料で確認。履歴自体は正しい。
R31,2026-10-06 JST,0.5.5 / official latest 0.5.5d,https://poe2-build-navi-jp.github.io/poe2-1-0/microtransactions/ | https://poe2-build-navi-jp.github.io/what-is-poe2/,F2P、GGGのnever pay-to-win方針、コスメとstashが主な課金。,verified,primary_or_direct_interview,https://www.pathofexile.com/forum/view-thread/3999366 | https://store.steampowered.com/app/2694490/Path_of_Exile_2/ | https://www.pathofexile.com/forum/view-thread/3587981,
R32,2026-10-06 JST,0.5.5 / official latest 0.5.5d,https://poe2-build-navi-jp.github.io/poe2-1-0/microtransactions/,Currency優先、次にMap/出品タブ、セールを待つ。,editorial,primary_or_direct_interview,https://www.pathofexile.com/forum/view-thread/3723891,
R33,2026-10-06 JST,0.5.5 / official latest 0.5.5d,https://poe2-build-navi-jp.github.io/poe2-1-0/microtransactions/,Map Stash Tabはマップ用。MerchantまたはPremiumが出品に必要。,needs_precision,primary_or_direct_interview,https://www.pathofexile.com/forum/view-thread/3723891 | https://www.pathofexile.com/forum/view-thread/3827171 | https://www.pathofexile.com/forum/view-thread/3928505,Mapタブ自体にも取引掲載機能があるので、二種類だけが排他的必須という説明を避ける。直接プレイヤー間取引には別の条件がある。
R34,2026-10-06 JST,0.5.5 / official latest 0.5.5d,https://poe2-build-navi-jp.github.io/poe2-1-0/microtransactions/,タブを多く持っても実質的に有利にならない。,editorial,primary_or_direct_interview,,海外ガイドの評価の紹介であり、公式仕様と区別する。単に主観的であることは誤りの証拠ではない。
R35,2026-10-06 JST,0.5.5 / official latest 0.5.5d,https://poe2-build-navi-jp.github.io/poe2-1-0/microtransactions/ | https://poe2-build-navi-jp.github.io/what-is-poe2/,既存PoE1アカウント再利用、関連stash利用可、非対応MTXあり、他機種所有なしはremove-only。,verified,primary_or_direct_interview,https://www.pathofexile.com/forum/view-thread/3587981 | https://www.pathofexile.com/forum/view-thread/3586288/filter-account-type/staff,
R36,2026-10-06 JST,0.5.5 / official latest 0.5.5d,https://poe2-build-navi-jp.github.io/what-is-poe2/,GGG開発販売、ARPG、EA開始Dec6 2024、最大6人co-op、舞台はPoE1数年後。,verified,primary_or_direct_interview,https://store.steampowered.com/app/2694490/Path_of_Exile_2/ | https://www.pathofexile.com/forum/view-thread/3587981,
R37,2026-10-06 JST,0.5.5 / official latest 0.5.5d,https://poe2-build-navi-jp.github.io/what-is-poe2/,PoE1正式発売2013-10-23。,verified,primary_or_direct_interview,https://store.steampowered.com/app/238960/Path_of_Exile/,親監査でもSteamの2013-10-23発売日を確認済み。
R38,2026-10-06 JST,0.5.5 / official latest 0.5.5d,https://poe2-build-navi-jp.github.io/what-is-poe2/ | https://poe2-build-navi-jp.github.io/ | https://poe2-build-navi-jp.github.io/classes/,現在8職業。,verified,primary_or_direct_interview,https://www.pathofexile.com/forum/view-thread/3913251 | https://www.pathofexile.com/forum/view-thread/3932540 | https://www.pathofexile.com/forum/view-thread/4000430,八職業の一次列挙に加え、0.5.0は追加アセンダンシー、0.5.5はDuelist非実装を確認。
R39,2026-10-06 JST,0.5.5 / official latest 0.5.5d,https://poe2-build-navi-jp.github.io/what-is-poe2/,ビルドの組合せで同クラスでも戦い方が変わる／campaign後endgame。,verified,primary_or_direct_interview,https://store.steampowered.com/app/2694490/Path_of_Exile_2/,
R40,2026-10-06 JST,0.5.5 / official latest 0.5.5d,https://poe2-build-navi-jp.github.io/poe2-1-0/release-date/,8月25日公式Steamニュースでも発売日確認と書くが、source配列には8月24日発表予告を掲載。,needs_precision,primary_or_direct_interview,https://www.pathofexile.com/forum/view-thread/3999366,公式フォーラムで内容自体は検証済み。出典ラベル/参照対象の整合性の問題。
guides/skill-gems:1,2026-10-06 JST,0.5.5 / official latest 0.5.5d,https://poe2-build-navi-jp.github.io/guides/skill-gems/,Uncut Skill Gemを手に入れたら、主力に使うか・今のLvで使えるかを確かめてから作ります。,advice,editorial,,主張と資料の範囲で判定。
guides/skill-gems:2,2026-10-06 JST,0.5.5 / official latest 0.5.5d,https://poe2-build-navi-jp.github.io/guides/skill-gems/,PoE2のスキルジェムは、敵を倒して手に入るUncut Skill Gem（未加工のスキルジェム）から、自分で好きなスキルを選んで作ります。作ったジェムはスキルパネルにはめると使えるようになり、キーに割り当てて使います。,unverified,secondary_corroboration,https://www.poe2wiki.net/wiki/Engrave,一次資料未確定。二次資料の裏付けがある場合も含む。
guides/skill-gems:3,2026-10-06 JST,0.5.5 / official latest 0.5.5d,https://poe2-build-navi-jp.github.io/guides/skill-gems/,迷いやすいのは「どのスキルを作るか」と「手に入ったUncut Skill Gemをどこに使うか」です。このページでは、作る前の確認と使い道の順番をまとめます。用語の意味だけを知りたい場合は、用語辞典の「スキルジェム」を見てください。,advice,editorial,,主張と資料の範囲で判定。
guides/skill-gems:4,2026-10-06 JST,0.5.5 / official latest 0.5.5d,https://poe2-build-navi-jp.github.io/guides/skill-gems/,使うと、スキルを選ぶ画面（Gemcutting）が開く。一覧は自分の職業に合うカテゴリから順に並ぶ。,unverified,secondary_corroboration,https://www.poe2wiki.net/wiki/Engrave,一次資料未確定。二次資料の裏付けがある場合も含む。
guides/skill-gems:5,2026-10-06 JST,0.5.5 / official latest 0.5.5d,https://poe2-build-navi-jp.github.io/guides/skill-gems/,作ったジェムのレベルは、使ったUncut Skill Gemのレベルになる。,unverified,secondary_corroboration,https://www.poe2wiki.net/wiki/Engrave,一次資料未確定。二次資料の裏付けがある場合も含む。
guides/skill-gems:6,2026-10-06 JST,0.5.5 / official latest 0.5.5d,https://poe2-build-navi-jp.github.io/guides/skill-gems/,作ったジェムは、別のUncut Skill Gemを使ってレベル20まで上げられる。装備中のジェムは「Equipped Gems」の欄から選べる。,unverified,mixed_primary_secondary,https://www.pathofexile.com/forum/view-thread/3762929/filter-account-type/staff | https://www.poe2wiki.net/wiki/Engrave,一次資料未確定。二次資料の裏付けがある場合も含む。
guides/skill-gems:7,2026-10-06 JST,0.5.5 / official latest 0.5.5d,https://poe2-build-navi-jp.github.io/guides/skill-gems/,同じスキルジェムを2つ同時にはめることはできない（0.3.0で変更）。,error,official_GGG,https://www.pathofexile.com/forum/view-thread/3826682/filter-account-type/staff,主張と資料の範囲で判定。
guides/skill-gems:8,2026-10-06 JST,0.5.5 / official latest 0.5.5d,https://poe2-build-navi-jp.github.io/guides/skill-gems/,Gemcuttingの一覧では、スキルがジェムのレベル（ローマ数字）ごとに分かれています。Path of Exile 2 Wikiの一覧に載っている、それぞれの必要キャラクターLvは次のとおりです。,unverified,secondary_corroboration,https://www.poe2wiki.net/wiki/Engrave,一次資料未確定。二次資料の裏付けがある場合も含む。
guides/skill-gems:9,2026-10-06 JST,0.5.5 / official latest 0.5.5d,https://poe2-build-navi-jp.github.io/guides/skill-gems/,レベルI：Lv1,unverified,secondary_corroboration,https://www.poe2wiki.net/wiki/Engrave,一次資料未確定。二次資料の裏付けがある場合も含む。
guides/skill-gems:10,2026-10-06 JST,0.5.5 / official latest 0.5.5d,https://poe2-build-navi-jp.github.io/guides/skill-gems/,レベルIII：Lv6,unverified,secondary_corroboration,https://www.poe2wiki.net/wiki/Engrave,一次資料未確定。二次資料の裏付けがある場合も含む。
guides/skill-gems:11,2026-10-06 JST,0.5.5 / official latest 0.5.5d,https://poe2-build-navi-jp.github.io/guides/skill-gems/,レベルV：Lv14,unverified,secondary_corroboration,https://www.poe2wiki.net/wiki/Engrave,一次資料未確定。二次資料の裏付けがある場合も含む。
guides/skill-gems:12,2026-10-06 JST,0.5.5 / official latest 0.5.5d,https://poe2-build-navi-jp.github.io/guides/skill-gems/,レベルVII：Lv22,unverified,secondary_corroboration,https://www.poe2wiki.net/wiki/Engrave,一次資料未確定。二次資料の裏付けがある場合も含む。
guides/skill-gems:13,2026-10-06 JST,0.5.5 / official latest 0.5.5d,https://poe2-build-navi-jp.github.io/guides/skill-gems/,レベルIX：Lv31,unverified,secondary_corroboration,https://www.poe2wiki.net/wiki/Engrave,一次資料未確定。二次資料の裏付けがある場合も含む。
guides/skill-gems:14,2026-10-06 JST,0.5.5 / official latest 0.5.5d,https://poe2-build-navi-jp.github.io/guides/skill-gems/,レベルXI：Lv41,unverified,secondary_corroboration,https://www.poe2wiki.net/wiki/Engrave,一次資料未確定。二次資料の裏付けがある場合も含む。
guides/skill-gems:15,2026-10-06 JST,0.5.5 / official latest 0.5.5d,https://poe2-build-navi-jp.github.io/guides/skill-gems/,レベルXIII：Lv52,unverified,secondary_corroboration,https://www.poe2wiki.net/wiki/Engrave,一次資料未確定。二次資料の裏付けがある場合も含む。
guides/skill-gems:16,2026-10-06 JST,0.5.5 / official latest 0.5.5d,https://poe2-build-navi-jp.github.io/guides/skill-gems/,主力スキルのジェムのレベルが高いと、そのLvになるまで別のスキルで進みます。途中で使うスキルは、ビルドページの育成ロードマップに書かれたものを使い、自己判断で増やしすぎないのが安全です。,advice,editorial,,主張と資料の範囲で判定。
guides/skill-gems:17,2026-10-06 JST,0.5.5 / official latest 0.5.5d,https://poe2-build-navi-jp.github.io/guides/skill-gems/,スキルジェムを使うには、レベル条件に加えて能力値（筋力・器用さ・知性）の条件も満たす必要があります。ジェムのレベルを上げると条件も上がるため、上げた直後に使えなくなっていないかを確認します。,verified,official_GGG,https://www.pathofexile.com/forum/view-thread/3826682/filter-account-type/staff,主張と資料の範囲で判定。
guides/skill-gems:18,2026-10-06 JST,0.5.5 / official latest 0.5.5d,https://poe2-build-navi-jp.github.io/guides/skill-gems/,使わないスキルを作ってUncut Skill Gemを使い切り、主力のレベルが上がらない。,advice,editorial,,主張と資料の範囲で判定。
guides/skill-gems:19,2026-10-06 JST,0.5.5 / official latest 0.5.5d,https://poe2-build-navi-jp.github.io/guides/skill-gems/,ジェムのレベルだけ上げて、能力値の条件が足りずに使えなくなる。,verified,official_GGG,https://www.pathofexile.com/forum/view-thread/3826682/filter-account-type/staff,主張と資料の範囲で判定。
guides/skill-gems:20,2026-10-06 JST,0.5.5 / official latest 0.5.5d,https://poe2-build-navi-jp.github.io/guides/skill-gems/,主力が使えるLvを確認せず、早い段階で作ろうとして一覧に出てこない。,unverified,secondary_corroboration,https://www.poe2wiki.net/wiki/Engrave,一次資料未確定。二次資料の裏付けがある場合も含む。
guides/skill-gems:21,2026-10-06 JST,0.5.5 / official latest 0.5.5d,https://poe2-build-navi-jp.github.io/guides/skill-gems/,シールドウォールはレベルVIIのジェムのため、Lv22までは別のスキルで進む。,unverified,mixed_primary_secondary,https://www.pathofexile.com/forum/view-thread/3826682/filter-account-type/staff | https://www.pathofexile.com/forum/view-thread/3883495/filter-account-type/staff | https://www.poe2wiki.net/wiki/Engrave,一次資料未確定。二次資料の裏付けがある場合も含む。
guides/skill-gems:22,2026-10-06 JST,0.5.5 / official latest 0.5.5d,https://poe2-build-navi-jp.github.io/guides/skill-gems/,アイスショットはレベルIXのジェムのため、使えるのはLv31から。,unverified,mixed_primary_secondary,https://www.pathofexile.com/forum/view-thread/3826682/filter-account-type/staff | https://www.pathofexile.com/forum/view-thread/3883495/filter-account-type/staff | https://www.poe2wiki.net/wiki/Engrave,一次資料未確定。二次資料の裏付けがある場合も含む。
guides/skill-gems:23,2026-10-06 JST,0.5.5 / official latest 0.5.5d,https://poe2-build-navi-jp.github.io/guides/skill-gems/,ワーリングアサルトはレベルXIのジェムのため、使えるのはLv41から。,unverified,mixed_primary_secondary,https://www.pathofexile.com/forum/view-thread/3826682/filter-account-type/staff | https://www.pathofexile.com/forum/view-thread/3883495/filter-account-type/staff | https://www.poe2wiki.net/wiki/Engrave,一次資料未確定。二次資料の裏付けがある場合も含む。
guides/support-gems:1,2026-10-06 JST,0.5.5 / official latest 0.5.5d,https://poe2-build-navi-jp.github.io/guides/support-gems/,サポートは付けられる数に上限があります。能力値と同じ種類の制限を確認してから付けます。,verified,official_GGG,https://www.pathofexile.com/forum/view-thread/3826682/filter-account-type/staff,主張と資料の範囲で判定。
guides/support-gems:2,2026-10-06 JST,0.5.5 / official latest 0.5.5d,https://poe2-build-navi-jp.github.io/guides/support-gems/,サポートジェムは、スキルジェムにはめて効果を追加・変更するジェムです。PoE2では付けられる数や組み合わせに細かい制限があり、「付けたいのに付けられない」ことがよくあります。,verified,official_GGG,https://www.pathofexile.com/forum/view-thread/3826682/filter-account-type/staff,主張と資料の範囲で判定。
guides/support-gems:3,2026-10-06 JST,0.5.5 / official latest 0.5.5d,https://poe2-build-navi-jp.github.io/guides/support-gems/,このページでは、サポートを付ける前に確認する上限と制限をまとめます。サポートジェムそのものの意味は、用語辞典の「サポートジェム」を見てください。,advice,editorial,,主張と資料の範囲で判定。
guides/support-gems:4,2026-10-06 JST,0.5.5 / official latest 0.5.5d,https://poe2-build-navi-jp.github.io/guides/support-gems/,スキルジェムのサポート枠は、最初は2つ。Jeweller's Orbを使うと、さらに最大3つ増やせる（合計5つ）。,verified,official_GGG,https://www.pathofexile.com/forum/view-thread/3740562/filter-account-type/staff,主張と資料の範囲で判定。
guides/support-gems:5,2026-10-06 JST,0.5.5 / official latest 0.5.5d,https://poe2-build-navi-jp.github.io/guides/support-gems/,枠を増やすのは、まず主力スキルを優先する。移動や補助のスキルは後回しでよい。,advice,editorial,,主張と資料の範囲で判定。
guides/support-gems:6,2026-10-06 JST,0.5.5 / official latest 0.5.5d,https://poe2-build-navi-jp.github.io/guides/support-gems/,サポートジェムには赤（筋力）・緑（器用さ）・青（知性）の色があり、それぞれの能力値5ごとに1つ付けられます。例として、筋力20・器用さ40・知性30なら、赤4つ・緑8つ・青6つまでです（Path of Exile 2 Wikiの例）。,unverified,secondary_corroboration,https://poe2db.tw/us/Support_Gem_Requirements,一次資料未確定。二次資料の裏付けがある場合も含む。
guides/support-gems:7,2026-10-06 JST,0.5.5 / official latest 0.5.5d,https://poe2-build-navi-jp.github.io/guides/support-gems/,付けられないときは、その色の能力値が足りているかを最初に確認します。能力値はパッシブツリーや装備で増やせます。,verified,official_GGG,https://www.pathofexile.com/forum/view-thread/3826682/filter-account-type/staff,主張と資料の範囲で判定。
guides/support-gems:8,2026-10-06 JST,0.5.5 / official latest 0.5.5d,https://poe2-build-navi-jp.github.io/guides/support-gems/,同じ種類（カテゴリ）のサポートを、1つのスキルに2つ付けることはできない。,unverified,secondary_corroboration,https://www.poe2wiki.net/wiki/Spirit_Gem,一次資料未確定。二次資料の裏付けがある場合も含む。
guides/support-gems:9,2026-10-06 JST,0.5.5 / official latest 0.5.5d,https://poe2-build-navi-jp.github.io/guides/support-gems/,Spiritを予約するサポートは、同じランクのものを全スキルで1つまで（例：Herbalism IとHerbalism IIは別ランクなので両方使える）。,verified,official_GGG,https://www.pathofexile.com/forum/view-thread/3834300/filter-account-type/staff,主張と資料の範囲で判定。
guides/support-gems:10,2026-10-06 JST,0.5.5 / official latest 0.5.5d,https://poe2-build-navi-jp.github.io/guides/support-gems/,Lineageサポートは、全スキルを通して同じものを1つまで。作ることはできず、ドロップでしか手に入らない。,error,official_GGG,https://www.pathofexile.com/forum/view-thread/3883495/filter-account-type/staff,主張と資料の範囲で判定。
guides/support-gems:11,2026-10-06 JST,0.5.5 / official latest 0.5.5d,https://poe2-build-navi-jp.github.io/guides/support-gems/,サポートジェムはレベルを上げられず、コラプトもできない。,unverified,secondary_corroboration,https://www.poe2wiki.net/wiki/Spirit_Gem,一次資料未確定。二次資料の裏付けがある場合も含む。
guides/support-gems:12,2026-10-06 JST,0.5.5 / official latest 0.5.5d,https://poe2-build-navi-jp.github.io/guides/support-gems/,まずビルドページに書かれたサポートを主力へ付け、そのあと余った枠と能力値で調整します。Gemcuttingの画面では、サポートにカーソルを合わせると装備中スキルとの相性が表示されます（0.4.0で追加）。付け替えたら、火力だけでなくマナ消費やSpiritの残りも確認してください。,verified,official_GGG,https://www.pathofexile.com/forum/view-thread/3883495/filter-account-type/staff,主張と資料の範囲で判定。
guides/support-gems:13,2026-10-06 JST,0.5.5 / official latest 0.5.5d,https://poe2-build-navi-jp.github.io/guides/support-gems/,ミニオン系はSpiritを予約するため、サポートを増やすと予約が増えることに注意する。,unverified,secondary_corroboration,https://www.poe2wiki.net/wiki/Spirit,一次資料未確定。二次資料の裏付けがある場合も含む。
guides/passive-tree:1,2026-10-06 JST,0.5.5 / official latest 0.5.5d,https://poe2-build-navi-jp.github.io/guides/passive-tree/,ポイントを使い、キャラクターの能力を継続的に伸ばします。,verified,official_GGG,https://www.pathofexile.com/forum/view-thread/3932540,主張と資料の範囲で判定。
guides/passive-tree:2,2026-10-06 JST,0.5.5 / official latest 0.5.5d,https://poe2-build-navi-jp.github.io/guides/passive-tree/,正確なノード名や経路はパッチで変化し得ます。当サイトは確認できた段階別資料がある場合だけ固有名を掲載します。,advice,editorial,,主張と資料の範囲で判定。
guides/equipment-basics:1,2026-10-06 JST,0.5.5 / official latest 0.5.5d,https://poe2-build-navi-jp.github.io/guides/equipment-basics/,レアリティ・必要条件・アイテムレベルの3つを読めれば、拾った装備を使うか判断できます。,advice,editorial,,主張と資料の範囲で判定。
guides/equipment-basics:2,2026-10-06 JST,0.5.5 / official latest 0.5.5d,https://poe2-build-navi-jp.github.io/guides/equipment-basics/,PoE2では大量の装備が落ちるため、全部を細かく読む必要はありません。まずは「色（レアリティ）」「装備できる条件」「自分のビルドに合う防御の種類か」の3点を見て、使えそうなものだけ詳しく比べます。,advice,editorial,,主張と資料の範囲で判定。
guides/equipment-basics:3,2026-10-06 JST,0.5.5 / official latest 0.5.5d,https://poe2-build-navi-jp.github.io/guides/equipment-basics/,装備を買う・交換する順番は、装備更新ガイドと装備診断で扱っています。このページでは、その前に必要な「装備の読み方」を説明します。,advice,editorial,,主張と資料の範囲で判定。
guides/equipment-basics:4,2026-10-06 JST,0.5.5 / official latest 0.5.5d,https://poe2-build-navi-jp.github.io/guides/equipment-basics/,ノーマル（白）：追加の効果（接頭辞・接尾辞）がない。,unverified,primary_not_found,,一次資料未確定。二次資料の裏付けがある場合も含む。
guides/equipment-basics:5,2026-10-06 JST,0.5.5 / official latest 0.5.5d,https://poe2-build-navi-jp.github.io/guides/equipment-basics/,マジック（青）：接頭辞1つと接尾辞1つまで。,unverified,primary_not_found,,一次資料未確定。二次資料の裏付けがある場合も含む。
guides/equipment-basics:6,2026-10-06 JST,0.5.5 / official latest 0.5.5d,https://poe2-build-navi-jp.github.io/guides/equipment-basics/,レア（黄）：最大6つ（接頭辞3・接尾辞3）。ジュエルなど一部は4つまで。,unverified,primary_not_found,,一次資料未確定。二次資料の裏付けがある場合も含む。
guides/equipment-basics:7,2026-10-06 JST,0.5.5 / official latest 0.5.5d,https://poe2-build-navi-jp.github.io/guides/equipment-basics/,ユニーク（茶）：決まった効果を持つ特別な装備。ビルドの要になるものがある。,unverified,primary_not_found,,一次資料未確定。二次資料の裏付けがある場合も含む。
guides/equipment-basics:8,2026-10-06 JST,0.5.5 / official latest 0.5.5d,https://poe2-build-navi-jp.github.io/guides/equipment-basics/,マジック・レア・ユニークは未鑑定で落ちるため、Scroll of Wisdomで鑑定してから効果を確認します。,error,official_GGG,https://www.pathofexile.com/forum/view-thread/3932540 | https://www.pathofexile.com/forum/view-thread/3826682/filter-account-type/staff,主張と資料の範囲で判定。
guides/equipment-basics:9,2026-10-06 JST,0.5.5 / official latest 0.5.5d,https://poe2-build-navi-jp.github.io/guides/equipment-basics/,装備には必要レベルと、必要な能力値があります。Path of Exile 2 Wikiでは、アーマーの防具には主に筋力、回避の防具には器用さ、エナジーシールド（ES）の防具には知性が必要と説明されています。,unverified,primary_not_found,,一次資料未確定。二次資料の裏付けがある場合も含む。
guides/equipment-basics:10,2026-10-06 JST,0.5.5 / official latest 0.5.5d,https://poe2-build-navi-jp.github.io/guides/equipment-basics/,ビルドが使う防御の種類と違う防具を選ぶと、能力値が足りなかったり、ビルドの強みを生かせなかったりします。ビルドページの装備優先度に書かれた種類を先に確認してください。,advice,editorial,,主張と資料の範囲で判定。
guides/equipment-basics:11,2026-10-06 JST,0.5.5 / official latest 0.5.5d,https://poe2-build-navi-jp.github.io/guides/equipment-basics/,アイテムレベルは、付く可能性のある効果とその強さを決める。敵から落ちた装備は、基本的にそのエリアのレベルと同じになる。,unverified,primary_not_found,,一次資料未確定。二次資料の裏付けがある場合も含む。
guides/equipment-basics:12,2026-10-06 JST,0.5.5 / official latest 0.5.5d,https://poe2-build-navi-jp.github.io/guides/equipment-basics/,品質は最大20%が基本。物理攻撃用の武器はBlacksmith's Whetstone、防具はArmourer's Scrapで上げられ、1%ごとに武器の物理ダメージや防具の防御値が上がる。,unverified,mixed_primary_secondary,https://www.pathofexile.com/forum/view-thread/3826682/filter-account-type/staff,一次資料未確定。二次資料の裏付けがある場合も含む。
guides/equipment-basics:13,2026-10-06 JST,0.5.5 / official latest 0.5.5d,https://poe2-build-navi-jp.github.io/guides/equipment-basics/,Orb of Transmutation：ノーマルをマジックにする（効果1つ）。Orb of Augmentationで2つ目を追加できる。,unverified,primary_not_found,,一次資料未確定。二次資料の裏付けがある場合も含む。
guides/equipment-basics:14,2026-10-06 JST,0.5.5 / official latest 0.5.5d,https://poe2-build-navi-jp.github.io/guides/equipment-basics/,Regal Orb：マジックをレアにし、効果を1つ追加する。,unverified,primary_not_found,,一次資料未確定。二次資料の裏付けがある場合も含む。
guides/equipment-basics:15,2026-10-06 JST,0.5.5 / official latest 0.5.5d,https://poe2-build-navi-jp.github.io/guides/equipment-basics/,Exalted Orb：効果が上限未満のレアに、効果を1つ追加する。,unverified,primary_not_found,,一次資料未確定。二次資料の裏付けがある場合も含む。
guides/equipment-basics:16,2026-10-06 JST,0.5.5 / official latest 0.5.5d,https://poe2-build-navi-jp.github.io/guides/equipment-basics/,Orb of Alchemy：ノーマルを効果4つのレアにする。,unverified,primary_not_found,,一次資料未確定。二次資料の裏付けがある場合も含む。
guides/equipment-basics:17,2026-10-06 JST,0.5.5 / official latest 0.5.5d,https://poe2-build-navi-jp.github.io/guides/equipment-basics/,キャラクターは武器セットを2つ持てます。スキルごとに使う武器セットを指定でき、指定した側へ自動で持ち替えます。手動の切り替えはXキーが初期設定です。武器セットごとに、専用のパッシブポイントを別々に振ることもできます。,unverified,primary_not_found,,一次資料未確定。二次資料の裏付けがある場合も含む。
guides/equipment-basics:18,2026-10-06 JST,0.5.5 / official latest 0.5.5d,https://poe2-build-navi-jp.github.io/guides/equipment-basics/,盾のアーマー値が火力にもなるため、盾が最重要の部位。,verified,official_GGG,https://www.pathofexile.com/forum/view-thread/3932540,主張と資料の範囲で判定。
guides/equipment-basics:19,2026-10-06 JST,0.5.5 / official latest 0.5.5d,https://poe2-build-navi-jp.github.io/guides/equipment-basics/,セプターのSpiritとミニオンスキルレベルを優先し、防具はESを重視する。,advice,editorial,,主張と資料の範囲で判定。
guides/equipment-basics:20,2026-10-06 JST,0.5.5 / official latest 0.5.5d,https://poe2-build-navi-jp.github.io/guides/equipment-basics/,防具はライフ・回避・属性耐性を見る。,advice,editorial,,主張と資料の範囲で判定。
guides/resistance:1,2026-10-06 JST,0.5.5 / official latest 0.5.5d,https://poe2-build-navi-jp.github.io/guides/resistance/,属性など特定種類のダメージを軽減する防御値です。,unverified,secondary_corroboration,https://www.poe2wiki.net/wiki/Resistance,一次資料未確定。二次資料の裏付けがある場合も含む。
guides/resistance:2,2026-10-06 JST,0.5.5 / official latest 0.5.5d,https://poe2-build-navi-jp.github.io/guides/resistance/,耐性だけで全攻撃を防げるわけではありません。ライフ、エナジーシールド、アーマー、回避など、採用ビルドの防御手段も合わせて確認します。,advice,editorial,,主張と資料の範囲で判定。
guides/increase-damage:1,2026-10-06 JST,0.5.5 / official latest 0.5.5d,https://poe2-build-navi-jp.github.io/guides/increase-damage/,武器、主力スキル、サポート、パッシブなど7項目を順に確認します。,advice,editorial,,主張と資料の範囲で判定。
guides/increase-damage:2,2026-10-06 JST,0.5.5 / official latest 0.5.5d,https://poe2-build-navi-jp.github.io/guides/increase-damage/,表示DPSだけで判断せず、命中条件、敵への弱体化、操作順などビルド固有の仕組みも確認します。未確認数値は掲載しません。,advice,editorial,,主張と資料の範囲で判定。
guides/why-i-die:1,2026-10-06 JST,0.5.5 / official latest 0.5.5d,https://poe2-build-navi-jp.github.io/guides/why-i-die/,耐性、防御値、回復、装備、立ち回りなど7項目を順に確認します。,advice,editorial,,主張と資料の範囲で判定。
guides/why-i-die:2,2026-10-06 JST,0.5.5 / official latest 0.5.5d,https://poe2-build-navi-jp.github.io/guides/why-i-die/,原因は1つとは限りません。ビルド詳細の困りごと診断は、現在レベルの装備優先と注意点を使って確認順を示します。,advice,editorial,,主張と資料の範囲で判定。
guides/after-campaign:1,2026-10-06 JST,0.5.5 / official latest 0.5.5d,https://poe2-build-navi-jp.github.io/guides/after-campaign/,Interludeで耐性の低下が進み、Lv65前後からEndgameです。耐性と主力を整えてからMappingへ進みます。,unverified,mixed_primary_secondary,https://www.pathofexile.com/forum/view-thread/3826682/filter-account-type/staff | https://www.poe2wiki.net/wiki/Resistance,一次資料未確定。二次資料の裏付けがある場合も含む。
guides/after-campaign:2,2026-10-06 JST,0.5.5 / official latest 0.5.5d,https://poe2-build-navi-jp.github.io/guides/after-campaign/,PoE2の0.5.5（Early Access）では、ストーリーはAct 1〜4と、その後のInterlude（間章）で構成されています。Interludeを終えるとEndgameのAtlasへ進みます。,verified,official_GGG,https://www.pathofexile.com/forum/view-thread/3826682/filter-account-type/staff | https://www.pathofexile.com/forum/view-thread/3932540 | https://www.pathofexile.com/forum/view-thread/4000864,主張と資料の範囲で判定。
guides/after-campaign:3,2026-10-06 JST,0.5.5 / official latest 0.5.5d,https://poe2-build-navi-jp.github.io/guides/after-campaign/,キャンペーンの終盤は敵が急に強く感じやすい時期です。原因の多くは、耐性にかかるペナルティが段階的に大きくなることと、キャンペーン用の構成のまま進んでいることです。,advice,editorial,,主張と資料の範囲で判定。
guides/after-campaign:4,2026-10-06 JST,0.5.5 / official latest 0.5.5d,https://poe2-build-navi-jp.github.io/guides/after-campaign/,Interludeは3つあり、どの順番で進めてもよい。,unverified,partial_primary,https://www.pathofexile.com/forum/view-thread/3826682/filter-account-type/staff,一次資料未確定。二次資料の裏付けがある場合も含む。
guides/after-campaign:5,2026-10-06 JST,0.5.5 / official latest 0.5.5d,https://poe2-build-navi-jp.github.io/guides/after-campaign/,他のInterludeのボスを倒すほど、残りのInterludeのエリアレベルが上がる（他を1つ終えるごとに+4）。,unverified,partial_primary,https://www.pathofexile.com/forum/view-thread/3826682/filter-account-type/staff,一次資料未確定。二次資料の裏付けがある場合も含む。
guides/after-campaign:6,2026-10-06 JST,0.5.5 / official latest 0.5.5d,https://poe2-build-navi-jp.github.io/guides/after-campaign/,Path of Exile 2 Wikiによると、InterludeはEarly Access期間の一時的なもので、Act 5・6の追加で削除される予定。1.0での扱いは公式発表を確認する。,unverified,partial_primary,https://www.pathofexile.com/forum/view-thread/3826682/filter-account-type/staff,一次資料未確定。二次資料の裏付けがある場合も含む。
guides/after-campaign:7,2026-10-06 JST,0.5.5 / official latest 0.5.5d,https://poe2-build-navi-jp.github.io/guides/after-campaign/,Interludeでは、エリアレベルに応じて元素耐性にペナルティがかかります。キャラクター画面の耐性は、このペナルティを引いた値で確認します。,unverified,secondary_corroboration,https://www.poe2wiki.net/wiki/Resistance,一次資料未確定。二次資料の裏付けがある場合も含む。
guides/after-campaign:8,2026-10-06 JST,0.5.5 / official latest 0.5.5d,https://poe2-build-navi-jp.github.io/guides/after-campaign/,エリアレベル54〜59：-40%,unverified,secondary_corroboration,https://www.poe2wiki.net/wiki/Resistance,一次資料未確定。二次資料の裏付けがある場合も含む。
guides/after-campaign:9,2026-10-06 JST,0.5.5 / official latest 0.5.5d,https://poe2-build-navi-jp.github.io/guides/after-campaign/,エリアレベル60〜64：-50%,unverified,secondary_corroboration,https://www.poe2wiki.net/wiki/Resistance,一次資料未確定。二次資料の裏付けがある場合も含む。
guides/after-campaign:10,2026-10-06 JST,0.5.5 / official latest 0.5.5d,https://poe2-build-navi-jp.github.io/guides/after-campaign/,エリアレベル65以上：-60%,unverified,secondary_corroboration,https://www.poe2wiki.net/wiki/Resistance,一次資料未確定。二次資料の裏付けがある場合も含む。
guides/after-campaign:11,2026-10-06 JST,0.5.5 / official latest 0.5.5d,https://poe2-build-navi-jp.github.io/guides/after-campaign/,Endgameは、The Ziggurat RefugeからAtlasに入って始まる。,verified,official_GGG,https://www.pathofexile.com/forum/view-thread/3740562/filter-account-type/staff,主張と資料の範囲で判定。
guides/after-campaign:12,2026-10-06 JST,0.5.5 / official latest 0.5.5d,https://poe2-build-navi-jp.github.io/guides/after-campaign/,マップを開くにはWaystoneを使う。Tier 1のエリアレベルは65。,unverified,mixed_primary_secondary,https://www.pathofexile.com/forum/view-thread/3932540 | https://www.poe2wiki.net/wiki/Map,一次資料未確定。二次資料の裏付けがある場合も含む。
guides/after-campaign:13,2026-10-06 JST,0.5.5 / official latest 0.5.5d,https://poe2-build-navi-jp.github.io/guides/after-campaign/,マップ内で倒れると復活回数が減り、使い切るとそのマップは失敗になる。,verified,official_GGG,https://www.pathofexile.com/forum/view-thread/3740562/filter-account-type/staff,主張と資料の範囲で判定。
guides/after-campaign:14,2026-10-06 JST,0.5.5 / official latest 0.5.5d,https://poe2-build-navi-jp.github.io/guides/after-campaign/,最初は追加効果の少ないWaystoneで、倒れずにボスまで進めるかを確かめる。,advice,editorial,,主張と資料の範囲で判定。
guides/after-campaign:15,2026-10-06 JST,0.5.5 / official latest 0.5.5d,https://poe2-build-navi-jp.github.io/guides/after-campaign/,火炎・冷気・雷の耐性が、ペナルティ込みで足りているか。,advice,editorial,,主張と資料の範囲で判定。
guides/after-campaign:16,2026-10-06 JST,0.5.5 / official latest 0.5.5d,https://poe2-build-navi-jp.github.io/guides/after-campaign/,ビルドのMapping開始段階に書かれた主力スキル・サポート・アセンダンシーがそろっているか。,advice,editorial,,主張と資料の範囲で判定。
guides/after-campaign:17,2026-10-06 JST,0.5.5 / official latest 0.5.5d,https://poe2-build-navi-jp.github.io/guides/after-campaign/,キャンペーン中に仮で使っていた装備やスキルを、そのまま使っていないか。,advice,editorial,,主張と資料の範囲で判定。
guides/after-campaign:18,2026-10-06 JST,0.5.5 / official latest 0.5.5d,https://poe2-build-navi-jp.github.io/guides/after-campaign/,キャンペーン後は店とギャンブル店で弱い部位を更新し、まず耐性上限を確保する（Maxroll）。,advice,editorial,,主張と資料の範囲で判定。
guides/after-campaign:19,2026-10-06 JST,0.5.5 / official latest 0.5.5d,https://poe2-build-navi-jp.github.io/guides/after-campaign/,キャンペーン中はアーマー・ライフ・不足耐性を見て、ESへの移行は原典の段階に合わせる。,advice,editorial,,主張と資料の範囲で判定。
guides/mapping:1,2026-10-06 JST,0.5.5 / official latest 0.5.5d,https://poe2-build-navi-jp.github.io/guides/mapping/,キャンペーン後にマップを進める周回段階です。,verified,official_GGG,https://www.pathofexile.com/forum/view-thread/3932540,主張と資料の範囲で判定。
guides/mapping:2,2026-10-06 JST,0.5.5 / official latest 0.5.5d,https://poe2-build-navi-jp.github.io/guides/mapping/,Mappingでは敵や報酬の条件が変化します。ビルド詳細のMapping開始段階で、現在の防御・装備・移行条件を確認してください。,advice,editorial,,主張と資料の範囲で判定。
dictionary/build:1,2026-10-06 JST,0.5.5 / official latest 0.5.5d,https://poe2-build-navi-jp.github.io/dictionary/build/,スキル・サポート・パッシブ・装備をどう組み合わせて育てるかの方針。,verified,official_GGG,https://www.pathofexile.com/forum/view-thread/3932540,主張と資料の範囲で判定。
dictionary/build:2,2026-10-06 JST,0.5.5 / official latest 0.5.5d,https://poe2-build-navi-jp.github.io/dictionary/build/,ビルドは、キャラクターをどう育てるかの方針です。どのスキルを主力にし、どのサポートジェムを付け、パッシブツリーのどこを取り、どんな装備を優先するかを1つにまとめたものを指します。同じ職業でも、選ぶビルドで戦い方も必要な装備も大きく変わります。,verified,official_GGG,https://www.pathofexile.com/forum/view-thread/3932540,主張と資料の範囲で判定。
dictionary/build:3,2026-10-06 JST,0.5.5 / official latest 0.5.5d,https://poe2-build-navi-jp.github.io/dictionary/build/,職業を決めただけでは、次に取るスキルも装備も決まりません。ビルドを1つに決めておくと、今のレベルで何を優先すればいいかが分かり、迷ってスキルや装備を取り直す回数が減ります。,advice,editorial,,主張と資料の範囲で判定。
dictionary/build:4,2026-10-06 JST,0.5.5 / official latest 0.5.5d,https://poe2-build-navi-jp.github.io/dictionary/build/,主力スキル：攻撃の中心になるスキルジェム。,verified,official_GGG,https://www.pathofexile.com/forum/view-thread/3932540,主張と資料の範囲で判定。
dictionary/build:5,2026-10-06 JST,0.5.5 / official latest 0.5.5d,https://poe2-build-navi-jp.github.io/dictionary/build/,サポートジェム：主力スキルに付けて効果を変える。,verified,official_GGG,https://www.pathofexile.com/forum/view-thread/3932540,主張と資料の範囲で判定。
dictionary/build:6,2026-10-06 JST,0.5.5 / official latest 0.5.5d,https://poe2-build-navi-jp.github.io/dictionary/build/,パッシブツリーとアセンダンシー：能力値や特別な効果を取る。,verified,official_GGG,https://www.pathofexile.com/forum/view-thread/3932540,主張と資料の範囲で判定。
dictionary/build:7,2026-10-06 JST,0.5.5 / official latest 0.5.5d,https://poe2-build-navi-jp.github.io/dictionary/build/,装備：武器の種類、防御の種類（アーマー・回避・ES）、耐性。,verified,official_GGG,https://www.pathofexile.com/forum/view-thread/3932540,主張と資料の範囲で判定。
dictionary/build:8,2026-10-06 JST,0.5.5 / official latest 0.5.5d,https://poe2-build-navi-jp.github.io/dictionary/build/,ビルドの完成形で使うスキルが、序盤から使えるとは限りません。スキルジェムにはレベルの条件があり、アセンダンシーの取得を境に戦い方が変わるビルドもあります。そのため多くのビルドは、序盤は別のスキルで進め、条件を満たした段階で主力を切り替えます。,verified,official_GGG,https://www.pathofexile.com/forum/view-thread/3932540,主張と資料の範囲で判定。
dictionary/build:9,2026-10-06 JST,0.5.5 / official latest 0.5.5d,https://poe2-build-navi-jp.github.io/dictionary/build/,主力スキルを何Lvから使えるか（切替が遅いほど、それまでの手順を覚える必要がある）。,advice,editorial,,主張と資料の範囲で判定。
dictionary/build:10,2026-10-06 JST,0.5.5 / official latest 0.5.5d,https://poe2-build-navi-jp.github.io/dictionary/build/,操作の量（1つのスキルで周回できるか、複数のスキルを順番に使うか）。,advice,editorial,,主張と資料の範囲で判定。
dictionary/build:11,2026-10-06 JST,0.5.5 / official latest 0.5.5d,https://poe2-build-navi-jp.github.io/dictionary/build/,装備やユニークへの依存度、SSFでの成立が資料で確認できるか。,advice,editorial,,主張と資料の範囲で判定。
dictionary/build:12,2026-10-06 JST,0.5.5 / official latest 0.5.5d,https://poe2-build-navi-jp.github.io/dictionary/build/,Lv1から最後までEntangleを主力として使い続けるビルド。,unverified,primary_not_found,,一次資料未確定。二次資料の裏付けがある場合も含む。
dictionary/build:13,2026-10-06 JST,0.5.5 / official latest 0.5.5d,https://poe2-build-navi-jp.github.io/dictionary/build/,序盤はローリングスラム＋ボーンシャッターで進め、Lv22でシールドウォールへ切り替える。,unverified,primary_not_found,,一次資料未確定。二次資料の裏付けがある場合も含む。
dictionary/build:14,2026-10-06 JST,0.5.5 / official latest 0.5.5d,https://poe2-build-navi-jp.github.io/dictionary/build/,主力のワーリングアサルトはLv41から。それまでは別のスキルで進める。,unverified,primary_not_found,,一次資料未確定。二次資料の裏付けがある場合も含む。
dictionary/dps:1,2026-10-06 JST,0.5.5 / official latest 0.5.5d,https://poe2-build-navi-jp.github.io/dictionary/dps/,1秒あたりに与えるダメージ（Damage Per Second）の目安。,verified,definition,,主張と資料の範囲で判定。
dictionary/dps:2,2026-10-06 JST,0.5.5 / official latest 0.5.5d,https://poe2-build-navi-jp.github.io/dictionary/dps/,DPSはDamage Per Secondの略で、1秒あたりにどれだけのダメージを与えられるかを表す目安です。火力の高さを話すときによく使われますが、同じ数字でも実際の戦いやすさは大きく違います。,verified,definition,,主張と資料の範囲で判定。
dictionary/dps:3,2026-10-06 JST,0.5.5 / official latest 0.5.5d,https://poe2-build-navi-jp.github.io/dictionary/dps/,「火力が出ない」と感じたときは、数字より先に、単体と範囲のどちらが足りないのか、継続ダメージの立ち上がりが遅いだけなのかを切り分けると、直すべき装備やスキルが分かります。,advice,editorial,,主張と資料の範囲で判定。
dictionary/dps:4,2026-10-06 JST,0.5.5 / official latest 0.5.5d,https://poe2-build-navi-jp.github.io/dictionary/dps/,継続ダメージは、効き始めるまでに時間がかかる。敵がすぐ倒れる場面では、数字ほどの火力を感じにくい。,unverified,conceptual_precision,,一次資料未確定。二次資料の裏付けがある場合も含む。
dictionary/dps:5,2026-10-06 JST,0.5.5 / official latest 0.5.5d,https://poe2-build-navi-jp.github.io/dictionary/dps/,瞬間火力（短い時間に出せるダメージ）が低いと、動き回るボスや、すぐ離れる敵に当てにくい。,unverified,conceptual_precision,,一次資料未確定。二次資料の裏付けがある場合も含む。
dictionary/dps:6,2026-10-06 JST,0.5.5 / official latest 0.5.5d,https://poe2-build-navi-jp.github.io/dictionary/dps/,単体への火力と、集団をまとめて倒す力は別物。ボス向けとマップ周回向けで評価が分かれるビルドもある。,advice,editorial,,主張と資料の範囲で判定。
dictionary/dps:7,2026-10-06 JST,0.5.5 / official latest 0.5.5d,https://poe2-build-navi-jp.github.io/dictionary/dps/,装備や条件（呪い、露出など）が違えば数字も変わる。他人のDPSの数字は、同じ条件で測ったものとは限らない。,advice,editorial,,主張と資料の範囲で判定。
dictionary/dps:8,2026-10-06 JST,0.5.5 / official latest 0.5.5d,https://poe2-build-navi-jp.github.io/dictionary/dps/,このサイトのビルド評価は、同じ条件で測ったDPSや順位ではありません。元ガイドの長所・短所の記述をもとに「火力」「ボス・単体」を採点しています。DPSの具体的な数値は掲載していません。,advice,editorial,,主張と資料の範囲で判定。
dictionary/dps:9,2026-10-06 JST,0.5.5 / official latest 0.5.5d,https://poe2-build-navi-jp.github.io/dictionary/dps/,継続ダメージのビルド。火力は武器に大きく左右され、効くまでに時間がかかると資料に書かれている。,unverified,primary_not_found,,一次資料未確定。二次資料の裏付けがある場合も含む。
dictionary/dps:10,2026-10-06 JST,0.5.5 / official latest 0.5.5d,https://poe2-build-navi-jp.github.io/dictionary/dps/,集団の処理は得意だが、瞬間火力は低めで、動き回るボスに当てにくいとされている。,unverified,primary_not_found,,一次資料未確定。二次資料の裏付けがある場合も含む。
dictionary/dps:11,2026-10-06 JST,0.5.5 / official latest 0.5.5d,https://poe2-build-navi-jp.github.io/dictionary/dps/,0.5でFortifying Cryの仕様が変わり、Act 3以降の単体火力が最悪の場合30%下がるとされている。,unverified,partial_primary,https://www.pathofexile.com/forum/view-thread/3932540,一次資料未確定。二次資料の裏付けがある場合も含む。
dictionary/skill-gem:1,2026-10-06 JST,0.5.5 / official latest 0.5.5d,https://poe2-build-navi-jp.github.io/dictionary/skill-gem/,スキルパネルにはめて、攻撃や魔法などのスキルを使えるようにするジェム。,unverified,secondary_corroboration,https://www.poe2wiki.net/wiki/Spirit_Gem,一次資料未確定。二次資料の裏付けがある場合も含む。
dictionary/skill-gem:2,2026-10-06 JST,0.5.5 / official latest 0.5.5d,https://poe2-build-navi-jp.github.io/dictionary/skill-gem/,スキルジェムは、スキルパネルにはめて攻撃や魔法などのスキルを使えるようにするジェムです。はめたスキルはキーに割り当てて使います。常駐するバフや永続ミニオンを使うSpiritジェムもスキルジェムの一種です。,unverified,secondary_corroboration,https://www.poe2wiki.net/wiki/Spirit_Gem,一次資料未確定。二次資料の裏付けがある場合も含む。
dictionary/skill-gem:3,2026-10-06 JST,0.5.5 / official latest 0.5.5d,https://poe2-build-navi-jp.github.io/dictionary/skill-gem/,スキルジェムのレベル条件を知らないと、「主力スキルがまだ使えない」理由が分からずに迷います。ジェムのレベルは火力に直結するため、Uncut Skill Gemを主力に優先して使うことも大切です。,advice,editorial,,主張と資料の範囲で判定。
dictionary/skill-gem:4,2026-10-06 JST,0.5.5 / official latest 0.5.5d,https://poe2-build-navi-jp.github.io/dictionary/skill-gem/,同時にセットできるスキルジェムは通常9個まで。ユニークのUnset Ringなどで増やせる。,unverified,secondary_contradiction,https://poe2db.tw/us/Unset_Ring,一次資料未確定。二次資料の裏付けがある場合も含む。
dictionary/skill-gem:5,2026-10-06 JST,0.5.5 / official latest 0.5.5d,https://poe2-build-navi-jp.github.io/dictionary/skill-gem/,使うには、ジェムのレベル条件と能力値（筋力・器用さ・知性）の条件を満たす必要がある。ジェムのレベルが上がるほど条件も上がる。,unverified,secondary_corroboration,https://www.poe2wiki.net/wiki/Spirit_Gem,一次資料未確定。二次資料の裏付けがある場合も含む。
dictionary/skill-gem:6,2026-10-06 JST,0.5.5 / official latest 0.5.5d,https://poe2-build-navi-jp.github.io/dictionary/skill-gem/,スキルジェムはUncut Skill Gemから作る。作ったジェムのレベルは、使ったUncut Skill Gemのレベルになる。,unverified,secondary_corroboration,https://www.poe2wiki.net/wiki/Spirit_Gem,一次資料未確定。二次資料の裏付けがある場合も含む。
dictionary/skill-gem:7,2026-10-06 JST,0.5.5 / official latest 0.5.5d,https://poe2-build-navi-jp.github.io/dictionary/skill-gem/,作ったジェムは、Uncut Skill Gemを使ってレベル20まで上げられる。品質はGemcutter's Prismで5%ずつ、20%まで上げられる。,unverified,secondary_corroboration,https://www.poe2wiki.net/wiki/Spirit_Gem,一次資料未確定。二次資料の裏付けがある場合も含む。
dictionary/skill-gem:8,2026-10-06 JST,0.5.5 / official latest 0.5.5d,https://poe2-build-navi-jp.github.io/dictionary/skill-gem/,Spiritジェムは、Uncut Spirit Gemからしか作れない。,unverified,secondary_corroboration,https://www.poe2wiki.net/wiki/Spirit_Gem,一次資料未確定。二次資料の裏付けがある場合も含む。
dictionary/skill-gem:9,2026-10-06 JST,0.5.5 / official latest 0.5.5d,https://poe2-build-navi-jp.github.io/dictionary/skill-gem/,強力なスキルほど、使えるようになるまでのレベルが高いことがあります。ビルドによっては、主力を使える条件がそろうまで別のスキルで進めます。,advice,editorial,,主張と資料の範囲で判定。
dictionary/skill-gem:10,2026-10-06 JST,0.5.5 / official latest 0.5.5d,https://poe2-build-navi-jp.github.io/dictionary/skill-gem/,シールドウォールはTier 7のジェムで、使えるのはLv22から。,unverified,secondary_corroboration,https://www.poe2wiki.net/wiki/Engrave,一次資料未確定。二次資料の裏付けがある場合も含む。
dictionary/skill-gem:11,2026-10-06 JST,0.5.5 / official latest 0.5.5d,https://poe2-build-navi-jp.github.io/dictionary/skill-gem/,アイスショットは、レベル9のジェムの必要キャラクターレベルであるLv31から。,unverified,secondary_corroboration,https://www.poe2wiki.net/wiki/Engrave,一次資料未確定。二次資料の裏付けがある場合も含む。
dictionary/skill-gem:12,2026-10-06 JST,0.5.5 / official latest 0.5.5d,https://poe2-build-navi-jp.github.io/dictionary/skill-gem/,ワーリングアサルトはTier 11のジェムで、使えるのはLv41から。,unverified,secondary_corroboration,https://www.poe2wiki.net/wiki/Engrave,一次資料未確定。二次資料の裏付けがある場合も含む。
dictionary/skill-gem:13,2026-10-06 JST,0.5.5 / official latest 0.5.5d,https://poe2-build-navi-jp.github.io/dictionary/skill-gem/,テイムビーストはTier 7のジェムで、序盤は使えない。,verified,official_GGG,https://www.pathofexile.com/forum/view-thread/3932540,主張と資料の範囲で判定。
dictionary/support-gem:1,2026-10-06 JST,0.5.5 / official latest 0.5.5d,https://poe2-build-navi-jp.github.io/dictionary/support-gem/,スキルジェムにはめて、そのスキルの効果を強めたり変えたりするジェム。,verified,official_GGG,https://www.pathofexile.com/forum/view-thread/3826682/filter-account-type/staff,主張と資料の範囲で判定。
dictionary/support-gem:2,2026-10-06 JST,0.5.5 / official latest 0.5.5d,https://poe2-build-navi-jp.github.io/dictionary/support-gem/,サポートジェムは、スキルジェムにはめて、そのスキルの効果を変えるジェムです。ダメージを増やす、範囲を広げる、攻撃速度を上げるなど、スキルの性能を伸ばすために使います。,verified,official_GGG,https://www.pathofexile.com/forum/view-thread/3826682/filter-account-type/staff,主張と資料の範囲で判定。
dictionary/support-gem:3,2026-10-06 JST,0.5.5 / official latest 0.5.5d,https://poe2-build-navi-jp.github.io/dictionary/support-gem/,同じスキルでも、付けるサポートで火力や使い心地が大きく変わります。能力値の上限や同じ種類の重複の制限を知らないと、ビルドガイドどおりにはめられない原因が分からなくなります。,advice,editorial,,主張と資料の範囲で判定。
dictionary/support-gem:4,2026-10-06 JST,0.5.5 / official latest 0.5.5d,https://poe2-build-navi-jp.github.io/dictionary/support-gem/,1つのスキルに付けられるサポートは、最初は2つ。Jeweller's Orbでさらに3つまで増やせる（最大5つ）。,verified,official_GGG,https://www.pathofexile.com/forum/view-thread/3740562/filter-account-type/staff,主張と資料の範囲で判定。
dictionary/support-gem:5,2026-10-06 JST,0.5.5 / official latest 0.5.5d,https://poe2-build-navi-jp.github.io/dictionary/support-gem/,同じ種類（カテゴリ）のサポートは、1つのスキルに重ねて付けられない。,unverified,secondary_corroboration,https://www.poe2wiki.net/wiki/Spirit_Gem,一次資料未確定。二次資料の裏付けがある場合も含む。
dictionary/support-gem:6,2026-10-06 JST,0.5.5 / official latest 0.5.5d,https://poe2-build-navi-jp.github.io/dictionary/support-gem/,赤（筋力）・緑（器用さ）・青（知性）の色ごとに、付けられる総数に上限がある。その能力値5ごとに、その色のサポートを1つ使える。,unverified,secondary_corroboration,https://poe2db.tw/us/Support_Gem_Requirements,一次資料未確定。二次資料の裏付けがある場合も含む。
dictionary/support-gem:7,2026-10-06 JST,0.5.5 / official latest 0.5.5d,https://poe2-build-navi-jp.github.io/dictionary/support-gem/,サポートジェムはレベルを上げたり、コラプトしたりできない。,unverified,secondary_corroboration,https://www.poe2wiki.net/wiki/Spirit_Gem,一次資料未確定。二次資料の裏付けがある場合も含む。
dictionary/support-gem:8,2026-10-06 JST,0.5.5 / official latest 0.5.5d,https://poe2-build-navi-jp.github.io/dictionary/support-gem/,Lineageサポートは特別なサポートで、Uncut Support Gemからは作れず、ドロップでしか手に入らない。同じLineageサポートは、すべてのスキルを合わせて1つまで。,error,official_GGG,https://www.pathofexile.com/forum/view-thread/3883495/filter-account-type/staff,主張と資料の範囲で判定。
dictionary/support-gem:9,2026-10-06 JST,0.5.5 / official latest 0.5.5d,https://poe2-build-navi-jp.github.io/dictionary/support-gem/,筋力20・器用さ40・知性30のキャラクターなら、赤4つ・緑8つ・青6つまでサポートを使えます。能力値が足りないと、持っているサポートをはめられないことがあります。,unverified,secondary_corroboration,https://poe2db.tw/us/Support_Gem_Requirements,一次資料未確定。二次資料の裏付けがある場合も含む。
dictionary/support-gem:10,2026-10-06 JST,0.5.5 / official latest 0.5.5d,https://poe2-build-navi-jp.github.io/dictionary/support-gem/,Endgameで使うLineageサポートジェムは高価だと資料に書かれている。,unverified,primary_not_found,,一次資料未確定。二次資料の裏付けがある場合も含む。
dictionary/support-gem:11,2026-10-06 JST,0.5.5 / official latest 0.5.5d,https://poe2-build-navi-jp.github.io/dictionary/support-gem/,ジェムリング・リージョネアは、はめたサポートの色の配分に応じて効果を得るアセンダンシー。,unverified,secondary_corroboration_primary_wording_conflict,https://www.poe2wiki.net/wiki/Gemling_Legionnaire | https://mobalytics.gg/poe-2/guides/gemling-legionnaire | https://www.pathofexile.com/forum/view-thread/3826682/filter-account-type/staff,一次資料未確定。二次資料の裏付けがある場合も含む。
dictionary/passive-tree:1,2026-10-06 JST,0.5.5 / official latest 0.5.5d,https://poe2-build-navi-jp.github.io/dictionary/passive-tree/,レベルアップなどで得たポイントを振って、能力や効果を取る巨大なツリー。,unverified,secondary_corroboration,https://www.poe2wiki.net/wiki/Passive_Tree,一次資料未確定。二次資料の裏付けがある場合も含む。
dictionary/passive-tree:2,2026-10-06 JST,0.5.5 / official latest 0.5.5d,https://poe2-build-navi-jp.github.io/dictionary/passive-tree/,パッシブツリーは、レベルアップやクエストで得たパッシブスキルポイントを振って、ダメージや防御などの能力を伸ばす仕組みです。職業ごとに開始位置が決まっていて、そこからつながったノードを順番に取っていきます。,unverified,secondary_corroboration,https://www.poe2wiki.net/wiki/Passive_Tree,一次資料未確定。二次資料の裏付けがある場合も含む。
dictionary/passive-tree:3,2026-10-06 JST,0.5.5 / official latest 0.5.5d,https://poe2-build-navi-jp.github.io/dictionary/passive-tree/,パッシブツリーは広く、ポイントも限られています。段階ごとに何を取るかを決めずに振ると、必要な能力に届かず、振り直しのゴールドも足りなくなります。,advice,editorial,,主張と資料の範囲で判定。
dictionary/passive-tree:4,2026-10-06 JST,0.5.5 / official latest 0.5.5d,https://poe2-build-navi-jp.github.io/dictionary/passive-tree/,レベルが1上がるごとに1ポイント。レベルから最大99ポイント、クエストから最大24ポイントで、合計123ポイント。,unverified,secondary_corroboration,https://www.poe2wiki.net/wiki/Passive_Tree,一次資料未確定。二次資料の裏付けがある場合も含む。
dictionary/passive-tree:5,2026-10-06 JST,0.5.5 / official latest 0.5.5d,https://poe2-build-navi-jp.github.io/dictionary/passive-tree/,これとは別に、武器セットごとに振り分けられる「武器セット用ポイント」をキャンペーン中に最大24ポイント得られる。,unverified,secondary_precision,https://www.poe2wiki.net/wiki/Passive_Tree,一次資料未確定。二次資料の裏付けがある場合も含む。
dictionary/passive-tree:6,2026-10-06 JST,0.5.5 / official latest 0.5.5d,https://poe2-build-navi-jp.github.io/dictionary/passive-tree/,能力値ノード：筋力・器用さ・知性のどれかを+5。あとから別の能力値に変えられる。,unverified,secondary_corroboration,https://www.poe2wiki.net/wiki/Passive_Tree,一次資料未確定。二次資料の裏付けがある場合も含む。
dictionary/passive-tree:7,2026-10-06 JST,0.5.5 / official latest 0.5.5d,https://poe2-build-navi-jp.github.io/dictionary/passive-tree/,小さなパッシブ：少しの能力上昇。その先にある大きな効果（ノータブル）へつながる。,unverified,secondary_corroboration,https://www.poe2wiki.net/wiki/Passive_Tree,一次資料未確定。二次資料の裏付けがある場合も含む。
dictionary/passive-tree:8,2026-10-06 JST,0.5.5 / official latest 0.5.5d,https://poe2-build-navi-jp.github.io/dictionary/passive-tree/,ジュエルソケット：ジュエルをはめて効果を得る。,unverified,secondary_corroboration,https://www.poe2wiki.net/wiki/Passive_Tree,一次資料未確定。二次資料の裏付けがある場合も含む。
dictionary/passive-tree:9,2026-10-06 JST,0.5.5 / official latest 0.5.5d,https://poe2-build-navi-jp.github.io/dictionary/passive-tree/,キーストーン：大きな効果と引き換えに、欠点も持つことが多い。,unverified,secondary_corroboration,https://www.poe2wiki.net/wiki/Passive_Tree,一次資料未確定。二次資料の裏付けがある場合も含む。
dictionary/passive-tree:10,2026-10-06 JST,0.5.5 / official latest 0.5.5d,https://poe2-build-navi-jp.github.io/dictionary/passive-tree/,取ったノードは、ゴールドを払って外せます。費用はキャラクターのレベルが高いほど増えるため、ビルドの切替時期にはゴールドを残しておくと安心です。,unverified,secondary_corroboration,https://www.poe2wiki.net/wiki/Passive_Tree,一次資料未確定。二次資料の裏付けがある場合も含む。
dictionary/passive-tree:11,2026-10-06 JST,0.5.5 / official latest 0.5.5d,https://poe2-build-navi-jp.github.io/dictionary/passive-tree/,ツイスター型から相棒型へ切り替えるとき、振り直し用のゴールドを残しておく必要がある。,advice,editorial,,主張と資料の範囲で判定。
dictionary/passive-tree:12,2026-10-06 JST,0.5.5 / official latest 0.5.5d,https://poe2-build-navi-jp.github.io/dictionary/passive-tree/,オラクルのEntwined Realitiesで、取得済みのキーストーン近くの強いノードを少ないポイントで取れる。,unverified,primary_not_found,,一次資料未確定。二次資料の裏付けがある場合も含む。
dictionary/resistance:1,2026-10-06 JST,0.5.5 / official latest 0.5.5d,https://poe2-build-navi-jp.github.io/dictionary/resistance/,火・冷気・雷・混沌ダメージを割合で減らす防御。上限は通常75%。,unverified,secondary_corroboration,https://www.poe2wiki.net/wiki/Resistance,一次資料未確定。二次資料の裏付けがある場合も含む。
dictionary/resistance:2,2026-10-06 JST,0.5.5 / official latest 0.5.5d,https://poe2-build-navi-jp.github.io/dictionary/resistance/,耐性は、火・冷気・雷・混沌の各ダメージを一定の割合で減らす防御です。火・冷気・雷の3つをまとめて元素耐性と呼びます。値は0%から始まり、マイナスになると受けるダメージが増えます。,unverified,secondary_corroboration,https://www.poe2wiki.net/wiki/Resistance,一次資料未確定。二次資料の裏付けがある場合も含む。
dictionary/resistance:3,2026-10-06 JST,0.5.5 / official latest 0.5.5d,https://poe2-build-navi-jp.github.io/dictionary/resistance/,耐性が上限に届いていないと、同じ攻撃でも受けるダメージが大きく増えます。高い耐性ほど1%の差が効くため、「すぐ死ぬ」ときに最初に確認する項目です。,advice,editorial,,主張と資料の範囲で判定。
dictionary/resistance:4,2026-10-06 JST,0.5.5 / official latest 0.5.5d,https://poe2-build-navi-jp.github.io/dictionary/resistance/,耐性の上限は通常75%。上限を上げる効果を使っても90%が最大。,unverified,secondary_corroboration,https://www.poe2wiki.net/wiki/Resistance,一次資料未確定。二次資料の裏付けがある場合も含む。
dictionary/resistance:5,2026-10-06 JST,0.5.5 / official latest 0.5.5d,https://poe2-build-navi-jp.github.io/dictionary/resistance/,ゲームを進めると元素耐性にペナルティがかかる：Act 2で-10%、Act 3で-20%、Act 4で-30%、Interludeでエリアレベル54〜59が-40%、60〜64が-50%、Endgame（エリアレベル65以上）で-60%。,unverified,secondary_corroboration,https://www.poe2wiki.net/wiki/Resistance,一次資料未確定。二次資料の裏付けがある場合も含む。
dictionary/resistance:6,2026-10-06 JST,0.5.5 / official latest 0.5.5d,https://poe2-build-navi-jp.github.io/dictionary/resistance/,そのため、キャンペーン序盤に足りていた耐性も、Actを進めるごとに装備で補い直す必要がある。,advice,editorial,,主張と資料の範囲で判定。
dictionary/resistance:7,2026-10-06 JST,0.5.5 / official latest 0.5.5d,https://poe2-build-navi-jp.github.io/dictionary/resistance/,Act 1 Clearfell：Beira of the Rotten Packの報酬で冷気耐性+10%,unverified,secondary_corroboration,https://www.poe2wiki.net/wiki/Resistance,一次資料未確定。二次資料の裏付けがある場合も含む。
dictionary/resistance:8,2026-10-06 JST,0.5.5 / official latest 0.5.5d,https://poe2-build-navi-jp.github.io/dictionary/resistance/,Act 2 The Spires of Deshar：Sisters of Garukhanで雷耐性+10%,unverified,secondary_corroboration,https://www.poe2wiki.net/wiki/Resistance,一次資料未確定。二次資料の裏付けがある場合も含む。
dictionary/resistance:9,2026-10-06 JST,0.5.5 / official latest 0.5.5d,https://poe2-build-navi-jp.github.io/dictionary/resistance/,"Act 3 Jiquani's Machinarium：Blackjaw, the Remnantの報酬で火耐性+10%",unverified,secondary_corroboration,https://www.poe2wiki.net/wiki/Resistance,一次資料未確定。二次資料の裏付けがある場合も含む。
dictionary/resistance:10,2026-10-06 JST,0.5.5 / official latest 0.5.5d,https://poe2-build-navi-jp.github.io/dictionary/resistance/,Act 4 Halls of the Dead：火・冷気・雷の耐性+5%のタトゥーを1つずつ,unverified,secondary_precision,https://www.poe2wiki.net/wiki/Quest_reward,一次資料未確定。二次資料の裏付けがある場合も含む。
dictionary/resistance:11,2026-10-06 JST,0.5.5 / official latest 0.5.5d,https://poe2-build-navi-jp.github.io/dictionary/resistance/,アセンダンシーの「Coal Stoker」で火耐性の50%が冷気・雷耐性にも加わるため、火耐性を優先すると揃えやすい。,unverified,primary_not_found,,一次資料未確定。二次資料の裏付けがある場合も含む。
dictionary/resistance:12,2026-10-06 JST,0.5.5 / official latest 0.5.5d,https://poe2-build-navi-jp.github.io/dictionary/resistance/,マップ開始時に元素耐性75%を確保し、装備を替えるときも上限を割らないようにする。,advice,editorial,,主張と資料の範囲で判定。
dictionary/resistance:13,2026-10-06 JST,0.5.5 / official latest 0.5.5d,https://poe2-build-navi-jp.github.io/dictionary/resistance/,キャンペーン後は店とギャンブル店で弱い部位を更新し、まず耐性上限を確保する。,advice,editorial,,主張と資料の範囲で判定。
dictionary/mapping:1,2026-10-06 JST,0.5.5 / official latest 0.5.5d,https://poe2-build-navi-jp.github.io/dictionary/mapping/,Waystoneでマップを開いて攻略する、Endgameの基本の遊び方。,verified,official_GGG,https://www.pathofexile.com/forum/view-thread/3932540,主張と資料の範囲で判定。
dictionary/mapping:2,2026-10-06 JST,0.5.5 / official latest 0.5.5d,https://poe2-build-navi-jp.github.io/dictionary/mapping/,Mappingは、キャンペーンの後にAtlas（アトラス）上のマップを1つずつ攻略していく、Endgameの基本の遊び方です。マップデバイスにWaystoneを使うと、Atlas上のマップへ入れます。,verified,official_GGG,https://www.pathofexile.com/forum/view-thread/3932540,主張と資料の範囲で判定。
dictionary/mapping:3,2026-10-06 JST,0.5.5 / official latest 0.5.5d,https://poe2-build-navi-jp.github.io/dictionary/mapping/,Endgameでは、元素耐性に-60%のペナルティがかかります（エリアレベル65以上）。耐性や防御が足りないままマップへ進むと、何度も倒れて復活回数を使い切ってしまいます。,unverified,secondary_corroboration,https://www.poe2wiki.net/wiki/Resistance,一次資料未確定。二次資料の裏付けがある場合も含む。
dictionary/mapping:4,2026-10-06 JST,0.5.5 / official latest 0.5.5d,https://poe2-build-navi-jp.github.io/dictionary/mapping/,Waystoneのティアは1〜16。ティアが高いほどエリアレベル（敵の強さ）が上がる。ティア1でエリアレベル65、ティア15で79。,unverified,primary_not_found,,一次資料未確定。二次資料の裏付けがある場合も含む。
dictionary/mapping:5,2026-10-06 JST,0.5.5 / official latest 0.5.5d,https://poe2-build-navi-jp.github.io/dictionary/mapping/,Waystoneに付いた効果は、そのままマップの効果になる。敵が強くなる代わりに報酬が増える。,verified,official_GGG,https://www.pathofexile.com/forum/view-thread/3932540,主張と資料の範囲で判定。
dictionary/mapping:6,2026-10-06 JST,0.5.5 / official latest 0.5.5d,https://poe2-build-navi-jp.github.io/dictionary/mapping/,マップのボスを倒すとマップ完了になり、つながった隣のマップへ進めるようになる。,verified,official_GGG,https://www.pathofexile.com/forum/view-thread/3862213,主張と資料の範囲で判定。
dictionary/mapping:7,2026-10-06 JST,0.5.5 / official latest 0.5.5d,https://poe2-build-navi-jp.github.io/dictionary/mapping/,マップ内で倒れると復活回数を1つ使う。復活回数はマップデバイスのポータルの数で表示される。,verified,official_GGG,https://www.pathofexile.com/forum/view-thread/3740562/filter-account-type/staff,主張と資料の範囲で判定。
dictionary/mapping:8,2026-10-06 JST,0.5.5 / official latest 0.5.5d,https://poe2-build-navi-jp.github.io/dictionary/mapping/,Waystoneの追加効果が多いほど復活回数が減り、6つ以上では0回になる。,unverified,secondary_precision,https://www.poe2wiki.net/wiki/Map,一次資料未確定。二次資料の裏付けがある場合も含む。
dictionary/mapping:9,2026-10-06 JST,0.5.5 / official latest 0.5.5d,https://poe2-build-navi-jp.github.io/dictionary/mapping/,復活回数を使い切るとマップは失敗扱いになる。もう一度挑めるが、追加の要素はなくなり、経験値も半分になる。,unverified,secondary_corroboration,https://www.poe2wiki.net/wiki/Atlas,一次資料未確定。二次資料の裏付けがある場合も含む。
dictionary/mapping:10,2026-10-06 JST,0.5.5 / official latest 0.5.5d,https://poe2-build-navi-jp.github.io/dictionary/mapping/,マップのボスに倒されると、そのマップの他の敵や要素が消える。ボスの前に他の要素を済ませるのがおすすめ。,verified,official_GGG,https://www.pathofexile.com/forum/view-thread/3740562/filter-account-type/staff,主張と資料の範囲で判定。
dictionary/mapping:11,2026-10-06 JST,0.5.5 / official latest 0.5.5d,https://poe2-build-navi-jp.github.io/dictionary/mapping/,Mapping開始の目安は、低ティアのマップを安定して周回し、ボスへ壁を当て続けられること。,advice,editorial,,主張と資料の範囲で判定。
dictionary/mapping:12,2026-10-06 JST,0.5.5 / official latest 0.5.5d,https://poe2-build-navi-jp.github.io/dictionary/mapping/,"Endgameの相棒候補Zekoa, the HeadcrusherはRiversideかRuptureのマップのボスとして出る。",unverified,primary_not_found,,一次資料未確定。二次資料の裏付けがある場合も含む。
dictionary/endgame:1,2026-10-06 JST,0.5.5 / official latest 0.5.5d,https://poe2-build-navi-jp.github.io/dictionary/endgame/,キャンペーンを終えた後に遊ぶ、Atlas（アトラス）でのマップ攻略と強敵との戦い。,verified,official_GGG,https://www.pathofexile.com/forum/view-thread/3826682/filter-account-type/staff | https://www.pathofexile.com/forum/view-thread/3932540,主張と資料の範囲で判定。
dictionary/endgame:2,2026-10-06 JST,0.5.5 / official latest 0.5.5d,https://poe2-build-navi-jp.github.io/dictionary/endgame/,Endgameは、キャンペーン（Act 1〜4とInterlude）を終えた後に遊ぶ部分です。Atlas（アトラス）と呼ばれる広い地図の上でマップを攻略しながら、装備を集め、強いボスに挑みます。,verified,official_GGG,https://www.pathofexile.com/forum/view-thread/3826682/filter-account-type/staff | https://www.pathofexile.com/forum/view-thread/3932540,主張と資料の範囲で判定。
dictionary/endgame:3,2026-10-06 JST,0.5.5 / official latest 0.5.5d,https://poe2-build-navi-jp.github.io/dictionary/endgame/,キャンペーンは進めたのにEndgameで急に倒れやすくなるのは、耐性ペナルティと敵の強さが大きく上がるためです。ビルドのEndgame段階に合わせて、防御と装備を先に整える必要があります。,advice,editorial,,主張と資料の範囲で判定。
dictionary/endgame:4,2026-10-06 JST,0.5.5 / official latest 0.5.5d,https://poe2-build-navi-jp.github.io/dictionary/endgame/,Atlasの出発点はThe Ziggurat Refuge。ここ（または自分のハイドアウト）のマップデバイスでWaystoneを使い、マップへ入る。,verified,official_GGG,https://www.pathofexile.com/forum/view-thread/3740562/filter-account-type/staff,主張と資料の範囲で判定。
dictionary/endgame:5,2026-10-06 JST,0.5.5 / official latest 0.5.5d,https://poe2-build-navi-jp.github.io/dictionary/endgame/,Atlasは自分専用の進行で、パーティを組んでも他のプレイヤーと共有されない。,unverified,secondary_corroboration,https://www.poe2wiki.net/wiki/Atlas,一次資料未確定。二次資料の裏付けがある場合も含む。
dictionary/endgame:6,2026-10-06 JST,0.5.5 / official latest 0.5.5d,https://poe2-build-navi-jp.github.io/dictionary/endgame/,Precursor Fortress（先駆者の要塞）のボスを倒すとAtlasパッシブのポイントを得られる。要塞の最奥ではArbiter of Divinityと戦う。,verified,official_GGG,https://www.pathofexile.com/forum/view-thread/3932540,主張と資料の範囲で判定。
dictionary/endgame:7,2026-10-06 JST,0.5.5 / official latest 0.5.5d,https://poe2-build-navi-jp.github.io/dictionary/endgame/,Breach・Ritual・Expedition・Abyss・Deliriumなどのコンテンツには、それぞれ最後に挑むピナクルボスがいる。,verified,official_GGG,https://www.pathofexile.com/forum/view-thread/3932540,主張と資料の範囲で判定。
dictionary/endgame:8,2026-10-06 JST,0.5.5 / official latest 0.5.5d,https://poe2-build-navi-jp.github.io/dictionary/endgame/,エリアレベル65以上では、元素耐性に-60%のペナルティがかかる。,unverified,secondary_corroboration,https://www.poe2wiki.net/wiki/Resistance,一次資料未確定。二次資料の裏付けがある場合も含む。
dictionary/endgame:9,2026-10-06 JST,0.5.5 / official latest 0.5.5d,https://poe2-build-navi-jp.github.io/dictionary/endgame/,ビルドの多くは、キャンペーン用とEndgame用で構成や装備が変わる。自分のビルドのEndgame段階を確認する。,advice,editorial,,主張と資料の範囲で判定。
dictionary/endgame:10,2026-10-06 JST,0.5.5 / official latest 0.5.5d,https://poe2-build-navi-jp.github.io/dictionary/endgame/,Maxrollによると、SSFでキャンペーン約5時間、Arbiterまで約10時間で進められる。,unverified,primary_not_found,,一次資料未確定。二次資料の裏付けがある場合も含む。
dictionary/endgame:11,2026-10-06 JST,0.5.5 / official latest 0.5.5d,https://poe2-build-navi-jp.github.io/dictionary/endgame/,Endgameに向けて、キャンペーン用のアーマー装備からES装備へ1部位ずつ移行する。,advice,editorial,,主張と資料の範囲で判定。
dictionary/league-starter:1,2026-10-06 JST,0.5.5 / official latest 0.5.5d,https://poe2-build-navi-jp.github.io/dictionary/league-starter/,新しいリーグが始まった直後、装備が何もない状態から進めやすいビルド。,advice,editorial,,主張と資料の範囲で判定。
dictionary/league-starter:2,2026-10-06 JST,0.5.5 / official latest 0.5.5d,https://poe2-build-navi-jp.github.io/dictionary/league-starter/,リーグスターターは、新しいリーグが始まった直後に、何も持っていない状態から育てやすいビルドのことです。高価な装備やユニークがなくても成立し、キャンペーンから序盤のマップまで安定して進められるビルドがこう呼ばれます。,advice,editorial,,主張と資料の範囲で判定。
dictionary/league-starter:3,2026-10-06 JST,0.5.5 / official latest 0.5.5d,https://poe2-build-navi-jp.github.io/dictionary/league-starter/,リーグ開始直後は装備も通貨も少ないため、完成形が強くても序盤に進めないビルドは育てにくくなります。初めて遊ぶ人や、1.0からゼロで始める人ほど、序盤から安定するビルドを選ぶと進めやすくなります。,advice,editorial,,主張と資料の範囲で判定。
dictionary/league-starter:4,2026-10-06 JST,0.5.5 / official latest 0.5.5d,https://poe2-build-navi-jp.github.io/dictionary/league-starter/,PoE2では、およそ4か月ごとに新しいチャレンジリーグが始まる。キャラクターも取引の市場もゼロからのスタートになる。,unverified,separate_release_audit,https://www.pathofexile.com/forum/view-thread/4000864,一次資料未確定。二次資料の裏付けがある場合も含む。
dictionary/league-starter:5,2026-10-06 JST,0.5.5 / official latest 0.5.5d,https://poe2-build-navi-jp.github.io/dictionary/league-starter/,リーグが終わると、そのキャラクターは対応する常設のリーグ（Standardなど）へ移される。,unverified,separate_release_audit,https://www.pathofexile.com/forum/view-thread/4000864,一次資料未確定。二次資料の裏付けがある場合も含む。
dictionary/league-starter:6,2026-10-06 JST,0.5.5 / official latest 0.5.5d,https://poe2-build-navi-jp.github.io/dictionary/league-starter/,0.5.5のリーグはForbidden Rites（2026年9月4日開始）。,unverified,separate_release_audit,https://www.pathofexile.com/forum/view-thread/4000864,一次資料未確定。二次資料の裏付けがある場合も含む。
dictionary/league-starter:7,2026-10-06 JST,0.5.5 / official latest 0.5.5d,https://poe2-build-navi-jp.github.io/dictionary/league-starter/,特定のユニーク装備がなくても成立する。,advice,editorial,,主張と資料の範囲で判定。
dictionary/league-starter:8,2026-10-06 JST,0.5.5 / official latest 0.5.5d,https://poe2-build-navi-jp.github.io/dictionary/league-starter/,レア装備を少しずつ更新するだけで、キャンペーンと序盤のマップを進められる。,advice,editorial,,主張と資料の範囲で判定。
dictionary/league-starter:9,2026-10-06 JST,0.5.5 / official latest 0.5.5d,https://poe2-build-navi-jp.github.io/dictionary/league-starter/,SSFでの成立が確認できれば、取引をしなくても進めやすい。,advice,editorial,,主張と資料の範囲で判定。
dictionary/league-starter:10,2026-10-06 JST,0.5.5 / official latest 0.5.5d,https://poe2-build-navi-jp.github.io/dictionary/league-starter/,アーリーアクセス期間のキャラクターは、1.0の公開前にEarly Access Standardという別のリーグへ移される予定です（新しいキャラクターは作れません）。1.0からは多くのプレイヤーがゼロから始めるため、リーグスターターの選び方が特に大切になります。,unverified,separate_release_audit,https://www.pathofexile.com/forum/view-thread/4000864,一次資料未確定。二次資料の裏付けがある場合も含む。
dictionary/league-starter:11,2026-10-06 JST,0.5.5 / official latest 0.5.5d,https://poe2-build-navi-jp.github.io/dictionary/league-starter/,装備への投資が少なくても成立し、最初のアセンダンシー後はとても硬くなる、とされている。,unverified,primary_not_found,,一次資料未確定。二次資料の裏付けがある場合も含む。
dictionary/league-starter:12,2026-10-06 JST,0.5.5 / official latest 0.5.5d,https://poe2-build-navi-jp.github.io/dictionary/league-starter/,Maxrollがメリットに「Cheap Leaguestart」（安く始められる）を挙げている。,unverified,primary_not_found,,一次資料未確定。二次資料の裏付けがある場合も含む。
dictionary/league-starter:13,2026-10-06 JST,0.5.5 / official latest 0.5.5d,https://poe2-build-navi-jp.github.io/dictionary/league-starter/,MaxrollがメリットにSSFでのリーグ開始を挙げ、SSFでArbiterまでテストされた構成と紹介されている。,unverified,primary_not_found,,一次資料未確定。二次資料の裏付けがある場合も含む。
dictionary/ssf:1,2026-10-06 JST,0.5.5 / official latest 0.5.5d,https://poe2-build-navi-jp.github.io/dictionary/ssf/,取引もパーティもせず、自分で拾ったアイテムだけで進めるモード。,unverified,partial_primary,https://www.pathofexile.com/forum/view-thread/3888728/filter-account-type/staff,一次資料未確定。二次資料の裏付けがある場合も含む。
dictionary/ssf:2,2026-10-06 JST,0.5.5 / official latest 0.5.5d,https://poe2-build-navi-jp.github.io/dictionary/ssf/,SSF（Solo Self-Found、ソロセルフファウンド）は、キャラクター作成時に選べるモードです。他のプレイヤーとの取引やパーティができず、自分で拾ったりクラフトしたりしたアイテムだけで進めます。,unverified,partial_primary,https://www.pathofexile.com/forum/view-thread/3888728/filter-account-type/staff,一次資料未確定。二次資料の裏付けがある場合も含む。
dictionary/ssf:3,2026-10-06 JST,0.5.5 / official latest 0.5.5d,https://poe2-build-navi-jp.github.io/dictionary/ssf/,SSFでは必要な装備を自分で揃えるしかないため、特定のユニークに頼るビルドは完成しにくくなります。SSFで遊ぶなら、資料でSSFでの成立が確認できるビルドを選ぶと進めやすくなります。,advice,editorial,,主張と資料の範囲で判定。
dictionary/ssf:4,2026-10-06 JST,0.5.5 / official latest 0.5.5d,https://poe2-build-navi-jp.github.io/dictionary/ssf/,他のプレイヤーとパーティを組めない。,unverified,partial_primary,https://www.pathofexile.com/forum/view-thread/3888728/filter-account-type/staff,一次資料未確定。二次資料の裏付けがある場合も含む。
dictionary/ssf:5,2026-10-06 JST,0.5.5 / official latest 0.5.5d,https://poe2-build-navi-jp.github.io/dictionary/ssf/,他のプレイヤーとの取引や、非同期取引などの取引機能を使えない。,verified,official_GGG,https://www.pathofexile.com/forum/view-thread/3888728/filter-account-type/staff,主張と資料の範囲で判定。
dictionary/ssf:6,2026-10-06 JST,0.5.5 / official latest 0.5.5d,https://poe2-build-navi-jp.github.io/dictionary/ssf/,SSFを選んでも、ゲーム内で追加の報酬や特典はない。,verified,official_GGG,https://www.pathofexile.com/forum/view-thread/4000864,主張と資料の範囲で判定。
dictionary/ssf:7,2026-10-06 JST,0.5.5 / official latest 0.5.5d,https://poe2-build-navi-jp.github.io/dictionary/ssf/,SSFのキャラクターは、いつでも同じリーグのトレードリーグへ移せる。ただし移した後に戻すことはできない。,unverified,partial_primary,https://www.pathofexile.com/forum/view-thread/3765328/filter-account-type/staff | https://www.pathofexile.com/forum/view-thread/3781218/filter-account-type/staff,一次資料未確定。二次資料の裏付けがある場合も含む。
dictionary/ssf:8,2026-10-06 JST,0.5.5 / official latest 0.5.5d,https://poe2-build-navi-jp.github.io/dictionary/ssf/,このサイトでは、元ガイドなどの資料がSSFでの成立を明記している場合だけ「SSF可」と表示します。「ユニーク不要」「リーグスターター向け」という記述や、キャンペーンまでの範囲しか書かれていない記述だけでは「SSF可」にしません。,advice,editorial,,主張と資料の範囲で判定。
dictionary/ssf:9,2026-10-06 JST,0.5.5 / official latest 0.5.5d,https://poe2-build-navi-jp.github.io/dictionary/ssf/,Maxrollがメリットに「SSFでキャンペーン約5時間、Arbiterまで約10時間」と明記。,unverified,primary_not_found,,一次資料未確定。二次資料の裏付けがある場合も含む。
dictionary/ssf:10,2026-10-06 JST,0.5.5 / official latest 0.5.5d,https://poe2-build-navi-jp.github.io/dictionary/ssf/,Maxrollがメリットに「SSFでキャンペーン約4時間、Arbiterまで約8時間」と明記。,unverified,primary_not_found,,一次資料未確定。二次資料の裏付けがある場合も含む。
dictionary/ssf:11,2026-10-06 JST,0.5.5 / official latest 0.5.5d,https://poe2-build-navi-jp.github.io/dictionary/ssf/,元ガイドがSSF向けの全行程と明記。,unverified,primary_not_found,,一次資料未確定。二次資料の裏付けがある場合も含む。
dictionary/ssf:12,2026-10-06 JST,0.5.5 / official latest 0.5.5d,https://poe2-build-navi-jp.github.io/dictionary/ssf/,キャンペーン向けとEndgameまでのSSFガイドを照合。,unverified,primary_not_found,,一次資料未確定。二次資料の裏付けがある場合も含む。
dictionary/ssf:13,2026-10-06 JST,0.5.5 / official latest 0.5.5d,https://poe2-build-navi-jp.github.io/dictionary/ssf/,Act IからArbiter of DivinityまでSSFでテストされた構成と紹介されている。,unverified,primary_not_found,,一次資料未確定。二次資料の裏付けがある場合も含む。
dictionary/ascendancy:1,2026-10-06 JST,0.5.5 / official latest 0.5.5d,https://poe2-build-navi-jp.github.io/dictionary/ascendancy/,職業ごとに選べる上位クラス。試練を突破して専用のパッシブを取る。,verified,official_GGG,https://www.pathofexile.com/forum/view-thread/3762929/filter-account-type/staff,主張と資料の範囲で判定。
dictionary/ascendancy:2,2026-10-06 JST,0.5.5 / official latest 0.5.5d,https://poe2-build-navi-jp.github.io/dictionary/ascendancy/,アセンダンシーは、職業の中からさらに特化した上位クラスを選ぶ仕組みです。アセンション試練を初めて突破したときに1つを選ぶと専用のスキルツリーが開き、試練で得たポイントで特別な効果やスキルを取れます。,verified,official_GGG,https://www.pathofexile.com/forum/view-thread/3762929/filter-account-type/staff,主張と資料の範囲で判定。
dictionary/ascendancy:3,2026-10-06 JST,0.5.5 / official latest 0.5.5d,https://poe2-build-navi-jp.github.io/dictionary/ascendancy/,同じ職業でも、アセンダンシーで主力スキルや防御の仕組みが大きく変わります。多くのビルドは最初のアセンダンシー取得を境に構成を切り替えるため、取得時期が育成の区切りになります。,advice,editorial,,主張と資料の範囲で判定。
dictionary/ascendancy:4,2026-10-06 JST,0.5.5 / official latest 0.5.5d,https://poe2-build-navi-jp.github.io/dictionary/ascendancy/,アセンション試練は4段階あり、1段階ごとに2ポイント、合計8ポイントを得られる。,unverified,primary_not_found,,一次資料未確定。二次資料の裏付けがある場合も含む。
dictionary/ascendancy:5,2026-10-06 JST,0.5.5 / official latest 0.5.5d,https://poe2-build-navi-jp.github.io/dictionary/ascendancy/,最初の試練はAct 2のTrial of the Sekhemasで挑める。PoE Vaultの育成ガイドは、取得をLv20〜30、早いビルドではLv21〜22で済ませるよう勧めている。,verified,official_GGG,https://www.pathofexile.com/forum/view-thread/3740562/filter-account-type/staff,主張と資料の範囲で判定。
dictionary/ascendancy:6,2026-10-06 JST,0.5.5 / official latest 0.5.5d,https://poe2-build-navi-jp.github.io/dictionary/ascendancy/,アセンダンシーのツリーは、パッシブツリー画面の中央からいつでも確認できる。,unverified,primary_not_found,,一次資料未確定。二次資料の裏付けがある場合も含む。
dictionary/ascendancy:7,2026-10-06 JST,0.5.5 / official latest 0.5.5d,https://poe2-build-navi-jp.github.io/dictionary/ascendancy/,選んだアセンダンシーは、アセンダンシーのポイントを0にした状態で、今と同じ数のポイントが得られる試練をもう一度突破すると選び直せます。ポイントの払い戻しはBalbalaまたはThe Trialmasterに話しかけて行います。,verified,official_GGG,https://www.pathofexile.com/forum/view-thread/3762929/filter-account-type/staff,主張と資料の範囲で判定。
dictionary/ascendancy:8,2026-10-06 JST,0.5.5 / official latest 0.5.5d,https://poe2-build-navi-jp.github.io/dictionary/ascendancy/,ディサイプル・オブ・ヴァラシュタ。最初のアセンダンシー取得後にケラリ・ルザンの指示スキルへ切り替える。,unverified,primary_not_found,,一次資料未確定。二次資料の裏付けがある場合も含む。
dictionary/ascendancy:9,2026-10-06 JST,0.5.5 / official latest 0.5.5d,https://poe2-build-navi-jp.github.io/dictionary/ascendancy/,スミス・オブ・キタヴァ。アセンダンシーの「Coal Stoker」で火耐性の50%が冷気・雷耐性にも加わる。,unverified,primary_not_found,,一次資料未確定。二次資料の裏付けがある場合も含む。
dictionary/ascendancy:10,2026-10-06 JST,0.5.5 / official latest 0.5.5d,https://poe2-build-navi-jp.github.io/dictionary/ascendancy/,スピリットウォーカー。相棒型への切替はAct 3・2回目の試練の後が推奨されている。,unverified,primary_not_found,,一次資料未確定。二次資料の裏付けがある場合も含む。
dictionary/ascendancy:11,2026-10-06 JST,0.5.5 / official latest 0.5.5d,https://poe2-build-navi-jp.github.io/dictionary/ascendancy/,インファーナリスト。アセンダンシーでSpiritとESを伸ばしてスペクターを運用する。,unverified,primary_not_found,,一次資料未確定。二次資料の裏付けがある場合も含む。
dictionary/spirit:1,2026-10-06 JST,0.5.5 / official latest 0.5.5d,https://poe2-build-navi-jp.github.io/dictionary/spirit/,常駐バフ・永続ミニオン・自動発動用ジェムを動かすために予約する力。,unverified,secondary_corroboration,https://www.poe2wiki.net/wiki/Spirit,一次資料未確定。二次資料の裏付けがある場合も含む。
dictionary/spirit:2,2026-10-06 JST,0.5.5 / official latest 0.5.5d,https://poe2-build-navi-jp.github.io/dictionary/spirit/,Spiritは、常駐するバフ、倒されても残る永続ミニオン、スキルを自動で発動させるメタジェムを使うときに「予約」する力です。予約したSpiritは使っている間ずっと埋まり、合計がSpiritの最大値を超えるスキルは同時に使えません。,unverified,secondary_corroboration,https://www.poe2wiki.net/wiki/Spirit,一次資料未確定。二次資料の裏付けがある場合も含む。
dictionary/spirit:3,2026-10-06 JST,0.5.5 / official latest 0.5.5d,https://poe2-build-navi-jp.github.io/dictionary/spirit/,ミニオン・常駐バフ・自動発動を使うビルドでは、Spiritが足りないと主力の構成そのものが組めません。育成手順の切替条件に「必要なSpiritを揃えてから」と書かれている段階は、Spiritの確認が最優先です。,advice,editorial,,主張と資料の範囲で判定。
dictionary/spirit:4,2026-10-06 JST,0.5.5 / official latest 0.5.5d,https://poe2-build-navi-jp.github.io/dictionary/spirit/,キャラクターは最初Spiritを持っていません。キャンペーン中のクエスト報酬で合計100まで永続的に増え、それ以上は主に装備とアセンダンシーで増やします。,unverified,secondary_corroboration,https://www.poe2wiki.net/wiki/Spirit,一次資料未確定。二次資料の裏付けがある場合も含む。
dictionary/spirit:5,2026-10-06 JST,0.5.5 / official latest 0.5.5d,https://poe2-build-navi-jp.github.io/dictionary/spirit/,Act 1：Freythornの「The King in the Mists」が落とすGembloom Skullで+30,unverified,secondary_corroboration,https://www.poe2wiki.net/wiki/Spirit,一次資料未確定。二次資料の裏付けがある場合も含む。
dictionary/spirit:6,2026-10-06 JST,0.5.5 / official latest 0.5.5d,https://poe2-build-navi-jp.github.io/dictionary/spirit/,"Act 3：The Azak Bogの「Ignagduk, the Bog Witch」が落とすGemrot Skullで+30",unverified,secondary_corroboration,https://www.poe2wiki.net/wiki/Spirit,一次資料未確定。二次資料の裏付けがある場合も含む。
dictionary/spirit:7,2026-10-06 JST,0.5.5 / official latest 0.5.5d,https://poe2-build-navi-jp.github.io/dictionary/spirit/,"Interlude 3：Kriar Villageの「Lythara, the Wayward Spear」が落とすGemcrust Skullで+40",unverified,secondary_corroboration,https://www.poe2wiki.net/wiki/Spirit,一次資料未確定。二次資料の裏付けがある場合も含む。
dictionary/spirit:8,2026-10-06 JST,0.5.5 / official latest 0.5.5d,https://poe2-build-navi-jp.github.io/dictionary/spirit/,装備：胴とアミュレットに「+Spirit」、セプターに「Spirit増加%」が付くことがある,unverified,secondary_corroboration,https://www.poe2wiki.net/wiki/Spirit,一次資料未確定。二次資料の裏付けがある場合も含む。
dictionary/spirit:9,2026-10-06 JST,0.5.5 / official latest 0.5.5d,https://poe2-build-navi-jp.github.io/dictionary/spirit/,セプターなどの装備やアセンダンシーから付与される常駐スキル・ミニオンは、Spiritを予約しない。,unverified,secondary_corroboration,https://www.poe2wiki.net/wiki/Spirit,一次資料未確定。二次資料の裏付けがある場合も含む。
dictionary/spirit:10,2026-10-06 JST,0.5.5 / official latest 0.5.5d,https://poe2-build-navi-jp.github.io/dictionary/spirit/,武器セットごとに使えるSpiritが変わることがある。武器を持ち替えたら常駐スキルが止まっていないか確認する。,unverified,secondary_corroboration,https://www.poe2wiki.net/wiki/Spirit,一次資料未確定。二次資料の裏付けがある場合も含む。
dictionary/spirit:11,2026-10-06 JST,0.5.5 / official latest 0.5.5d,https://poe2-build-navi-jp.github.io/dictionary/spirit/,Spiritが足りないときは、スキルのレベルを上げる前にクエスト報酬の取り逃しと、胴・アミュレットのSpiritを確認する。,advice,editorial,,主張と資料の範囲で判定。
dictionary/spirit:12,2026-10-06 JST,0.5.5 / official latest 0.5.5d,https://poe2-build-navi-jp.github.io/dictionary/spirit/,スペクター運用を始めるには一定量のSpiritが必要。装備ではセプター・アミュレット・胴のSpiritを優先する。,unverified,primary_not_found,,一次資料未確定。二次資料の裏付けがある場合も含む。
dictionary/spirit:13,2026-10-06 JST,0.5.5 / official latest 0.5.5d,https://poe2-build-navi-jp.github.io/dictionary/spirit/,ConvalescenceとRavenous Swarmを両方使うには、アミュレットと胴で合計+50のSpiritが必要。,unverified,primary_not_found,,一次資料未確定。二次資料の裏付けがある場合も含む。
dictionary/spirit:14,2026-10-06 JST,0.5.5 / official latest 0.5.5d,https://poe2-build-navi-jp.github.io/dictionary/spirit/,Act 4以降はSpirit・ES・+ミニオンスキルレベルの3つを探して装備を更新する。,advice,editorial,,主張と資料の範囲で判定。
dictionary/spirit:15,2026-10-06 JST,0.5.5 / official latest 0.5.5d,https://poe2-build-navi-jp.github.io/dictionary/spirit/,第二アセンダンシー以降の自動発動構成は、必要なジェムとSpiritを揃えてから切り替える。,advice,editorial,,主張と資料の範囲で判定。
dictionary/energy-shield:1,2026-10-06 JST,0.5.5 / official latest 0.5.5d,https://poe2-build-navi-jp.github.io/dictionary/energy-shield/,ライフより先にダメージを受け止め、被弾しない間に自動で回復する防御。,unverified,secondary_corroboration,https://www.poe2wiki.net/wiki/Recharging | https://poe2db.tw/us/Energy_Shield,一次資料未確定。二次資料の裏付けがある場合も含む。
dictionary/energy-shield:2,2026-10-06 JST,0.5.5 / official latest 0.5.5d,https://poe2-build-navi-jp.github.io/dictionary/energy-shield/,エナジーシールド（ES）は、ライフの上に重なる追加の耐久値です。ダメージはまずESが受け止め、ESがなくなるとライフが減ります。知性に関係する防御で、主に知性系の防具から得られます。,unverified,secondary_corroboration,https://www.poe2wiki.net/wiki/Recharging | https://poe2db.tw/us/Energy_Shield,一次資料未確定。二次資料の裏付けがある場合も含む。
dictionary/energy-shield:3,2026-10-06 JST,0.5.5 / official latest 0.5.5d,https://poe2-build-navi-jp.github.io/dictionary/energy-shield/,ESを主な防御にするビルドでは、被弾し続けると回復が始まらず、一気に削られます。攻撃を避けて回復の時間を作る立ち回りと、混沌耐性の確保がセットで必要です。,advice,editorial,,主張と資料の範囲で判定。
dictionary/energy-shield:4,2026-10-06 JST,0.5.5 / official latest 0.5.5d,https://poe2-build-navi-jp.github.io/dictionary/energy-shield/,ライフかESを失わない状態が4秒続くと、ESは最大値の毎秒12.5%の速さで回復（リチャージ）を始める。,unverified,secondary_corroboration,https://www.poe2wiki.net/wiki/Recharging | https://poe2db.tw/us/Energy_Shield,一次資料未確定。二次資料の裏付けがある場合も含む。
dictionary/energy-shield:5,2026-10-06 JST,0.5.5 / official latest 0.5.5d,https://poe2-build-navi-jp.github.io/dictionary/energy-shield/,回復中にダメージを受けると回復は止まり、4秒の待ち時間がやり直しになる。,unverified,secondary_corroboration,https://www.poe2wiki.net/wiki/Recharging | https://poe2db.tw/us/Energy_Shield,一次資料未確定。二次資料の裏付けがある場合も含む。
dictionary/energy-shield:6,2026-10-06 JST,0.5.5 / official latest 0.5.5d,https://poe2-build-navi-jp.github.io/dictionary/energy-shield/,装備やパッシブの「ESリチャージ開始が早くなる」「リチャージ速度が上がる」効果で短縮できる。,verified,official_GGG,https://www.pathofexile.com/forum/view-thread/3932540,主張と資料の範囲で判定。
dictionary/energy-shield:7,2026-10-06 JST,0.5.5 / official latest 0.5.5d,https://poe2-build-navi-jp.github.io/dictionary/energy-shield/,混沌ダメージはESを通常の2倍削る。,unverified,secondary_corroboration,https://www.poe2wiki.net/wiki/Recharging | https://poe2db.tw/us/Energy_Shield,一次資料未確定。二次資料の裏付けがある場合も含む。
dictionary/energy-shield:8,2026-10-06 JST,0.5.5 / official latest 0.5.5d,https://poe2-build-navi-jp.github.io/dictionary/energy-shield/,出血と毒のダメージはESを無視して直接ライフを減らす。,unverified,secondary_corroboration,https://www.poe2wiki.net/wiki/Recharging | https://poe2db.tw/us/Energy_Shield,一次資料未確定。二次資料の裏付けがある場合も含む。
dictionary/energy-shield:9,2026-10-06 JST,0.5.5 / official latest 0.5.5d,https://poe2-build-navi-jp.github.io/dictionary/energy-shield/,ESは耐性の後に計算される。耐性が足りないと、同じ攻撃でESが大きく削れる。,unverified,secondary_corroboration,https://www.poe2wiki.net/wiki/Recharging | https://poe2db.tw/us/Energy_Shield,一次資料未確定。二次資料の裏付けがある場合も含む。
dictionary/energy-shield:10,2026-10-06 JST,0.5.5 / official latest 0.5.5d,https://poe2-build-navi-jp.github.io/dictionary/energy-shield/,ESに特化した防御で大きな被弾に耐え、素早く回復する。胴・兜・手袋などのESを優先する。,advice,editorial,,主張と資料の範囲で判定。
dictionary/energy-shield:11,2026-10-06 JST,0.5.5 / official latest 0.5.5d,https://poe2-build-navi-jp.github.io/dictionary/energy-shield/,大きなESプールが長所。マップ以降はES装備を更新し、ジュエルでも最大ES%を伸ばす。,advice,editorial,,主張と資料の範囲で判定。
dictionary/energy-shield:12,2026-10-06 JST,0.5.5 / official latest 0.5.5d,https://poe2-build-navi-jp.github.io/dictionary/energy-shield/,キャンペーンはアーマーで進め、Endgameに向けてES装備へ1部位ずつ移行する。,advice,editorial,,主張と資料の範囲で判定。
seo/guides/gear-upgrade/:0:paragraphs:0,2026-10-06 JST,0.5.5 / official latest 0.5.5d,https://poe2-build-navi-jp.github.io/guides/gear-upgrade/,同じレベルでもビルドと手持ち装備で最優先は変わります。一般論として武器、胴、防具、ブーツなどを並べるだけではなく、主力スキルと困りごとに影響する部位から見ます。,advice,editorial,,主張と資料の範囲で判定。
seo/guides/gear-upgrade/:1:bullets:0,2026-10-06 JST,0.5.5 / official latest 0.5.5d,https://poe2-build-navi-jp.github.io/guides/gear-upgrade/,その能力が主力スキルへ作用するか,advice,editorial,,主張と資料の範囲で判定。
seo/guides/gear-upgrade/:1:bullets:1,2026-10-06 JST,0.5.5 / official latest 0.5.5d,https://poe2-build-navi-jp.github.io/guides/gear-upgrade/,交換で必要な耐性や能力条件を失わないか,advice,editorial,,主張と資料の範囲で判定。
seo/guides/gear-upgrade/:1:bullets:2,2026-10-06 JST,0.5.5 / official latest 0.5.5d,https://poe2-build-navi-jp.github.io/guides/gear-upgrade/,現在Lvで装備できるか,advice,editorial,,主張と資料の範囲で判定。
seo/guides/gear-upgrade/:1:bullets:3,2026-10-06 JST,0.5.5 / official latest 0.5.5d,https://poe2-build-navi-jp.github.io/guides/gear-upgrade/,次の育成段階ですぐ切り替える装備ではないか,advice,editorial,,主張と資料の範囲で判定。
seo/guides/gear-upgrade/:1:bullets:4,2026-10-06 JST,0.5.5 / official latest 0.5.5d,https://poe2-build-navi-jp.github.io/guides/gear-upgrade/,表示価格を固定相場と思い込まず、現在の出品を確認したか,advice,editorial,,主張と資料の範囲で判定。
seo/guides/gear-upgrade/:2:paragraphs:0,2026-10-06 JST,0.5.5 / official latest 0.5.5d,https://poe2-build-navi-jp.github.io/guides/gear-upgrade/,装備診断へビルド、現在Lv、困りごと、予算を入力すると、最初に確認する部位と理由を最大3件に絞ります。未登録のビルド固有情報は一般的な改善策と明示します。,advice,editorial,,主張と資料の範囲で判定。
seo/guides/gear-upgrade/:3:paragraphs:0,2026-10-06 JST,0.5.5 / official latest 0.5.5d,https://poe2-build-navi-jp.github.io/guides/gear-upgrade/,掲載ビルドの装備優先度のうち、先頭の2項目です。武器・防具の何を見るかはビルドで大きく違うため、自分のビルドの行を確認してください。,advice,editorial,,主張と資料の範囲で判定。
seo/guides/gear-upgrade/:4:bullets:0,2026-10-06 JST,0.5.5 / official latest 0.5.5d,https://poe2-build-navi-jp.github.io/guides/gear-upgrade/,PoE2の装備の主な防御は、アーマー・回避・エナジーシールドの3種類。どれを重視するかはビルドで違う。,advice,official_GGG,https://www.pathofexile.com/forum/view-thread/3932540,主張と資料の範囲で判定。
seo/guides/gear-upgrade/:4:bullets:1,2026-10-06 JST,0.5.5 / official latest 0.5.5d,https://poe2-build-navi-jp.github.io/guides/gear-upgrade/,Act 4までの各Actの終わりごろに元素耐性が10%ずつ下がり、エンドゲームでは合計-60%になる。Actを進めたあとの装備更新では、耐性が足りているかを必ず確認する。,unverified,secondary_precision,https://www.poe2wiki.net/wiki/Resistance,一次資料未確定。二次資料の裏付けがある場合も含む。
seo/guides/gear-upgrade/:4:bullets:2,2026-10-06 JST,0.5.5 / official latest 0.5.5d,https://poe2-build-navi-jp.github.io/guides/gear-upgrade/,交換で耐性が下がった分は、ほかの部位で補えるかを先に確かめる。,advice,editorial,,主張と資料の範囲で判定。
seo/guides/mapping/:0:bullets:0,2026-10-06 JST,0.5.5 / official latest 0.5.5d,https://poe2-build-navi-jp.github.io/guides/mapping/,現在のコンテンツで不足している耐性,advice,editorial,,主張と資料の範囲で判定。
seo/guides/mapping/:0:bullets:1,2026-10-06 JST,0.5.5 / official latest 0.5.5d,https://poe2-build-navi-jp.github.io/guides/mapping/,ビルドが使うライフ・ES・アーマー・回避などの生存手段,advice,editorial,,主張と資料の範囲で判定。
seo/guides/mapping/:0:bullets:2,2026-10-06 JST,0.5.5 / official latest 0.5.5d,https://poe2-build-navi-jp.github.io/guides/mapping/,主力スキルとサポートが現在段階どおりか,advice,editorial,,主張と資料の範囲で判定。
seo/guides/mapping/:0:bullets:3,2026-10-06 JST,0.5.5 / official latest 0.5.5d,https://poe2-build-navi-jp.github.io/guides/mapping/,武器・防具・移動速度が育成段階に追いついているか,advice,editorial,,主張と資料の範囲で判定。
seo/guides/mapping/:0:bullets:4,2026-10-06 JST,0.5.5 / official latest 0.5.5d,https://poe2-build-navi-jp.github.io/guides/mapping/,アセンダンシーやビルド切替の条件を満たしているか,advice,editorial,,主張と資料の範囲で判定。
seo/guides/mapping/:1:paragraphs:0,2026-10-06 JST,0.5.5 / official latest 0.5.5d,https://poe2-build-navi-jp.github.io/guides/mapping/,最初は低い難度で主力の操作と防御を確認します。すぐ死ぬ場合は防御と回避、処理が遅い場合は武器・主力・サポート・パッシブの順に切り分けます。,advice,editorial,,主張と資料の範囲で判定。
seo/guides/mapping/:2:paragraphs:0,2026-10-06 JST,0.5.5 / official latest 0.5.5d,https://poe2-build-navi-jp.github.io/guides/mapping/,移行条件はビルドごとに異なります。確認済みロードマップのMapping開始段階を開き、現在Lvと切替条件を優先してください。,advice,editorial,,主張と資料の範囲で判定。
