build_id,page,checked_at,source_url,access,source_patch,source_date,scope
monk-whirling-assault,https://poe2-build-navi-jp.github.io/builds/monk/whirling-assault/,2026-10-06 JST,https://mobalytics.gg/poe-2/builds/martial-artist-league-starter-scorpius,verified,Title and tag 0.5.5,2026-09-24,原典の記述・出典の確認。動的な全装備・ツリーとゲーム内性能の実測ではない。
monk-whirling-assault,https://poe2-build-navi-jp.github.io/builds/monk/whirling-assault/,2026-10-06 JST,https://mobalytics.gg/poe-2/builds/martial-artist-leveling-and-early-mapping-nicktew,verified,Title 0.5; tag 0.5.5 FR,2026-07-15,原典の記述・出典の確認。動的な全装備・ツリーとゲーム内性能の実測ではない。
monk-whirling-assault,https://poe2-build-navi-jp.github.io/builds/monk/whirling-assault/,2026-10-06 JST,https://maxroll.gg/poe2/build-guides/whirling-assault-martial-artist-build-guide,unverified,,,原典の記述・出典の確認。動的な全装備・ツリーとゲーム内性能の実測ではない。
mercenary-twister-gemling,https://poe2-build-navi-jp.github.io/builds/mercenary/twister-gemling/,2026-10-06 JST,https://mobalytics.gg/poe-2/builds/twister-gemling-legionnaire,verified,Title/body/tag 0.5.5,2026-10-04,原典の記述・出典の確認。動的な全装備・ツリーとゲーム内性能の実測ではない。
mercenary-twister-gemling,https://poe2-build-navi-jp.github.io/builds/mercenary/twister-gemling/,2026-10-06 JST,https://maxroll.gg/poe2/build-guides/gemling-legionnaire-twister-build-guide,unverified,,,原典の記述・出典の確認。動的な全装備・ツリーとゲーム内性能の実測ではない。
warrior-shield-wall-smith,https://poe2-build-navi-jp.github.io/builds/warrior/shield-wall-smith/,2026-10-06 JST,https://mobalytics.gg/poe-2/builds/warrior-league-start-lundburgerr,verified,Title/body 0.5; tag 0.5.5 FR,2026-09-22,原典の記述・出典の確認。動的な全装備・ツリーとゲーム内性能の実測ではない。
warrior-shield-wall-smith,https://poe2-build-navi-jp.github.io/builds/warrior/shield-wall-smith/,2026-10-06 JST,https://mobalytics.gg/poe-2/builds/avatar-of-fire-smith-of-kitava-lexd,verified,Title/tag 0.5.5,2026-10-05,原典の記述・出典の確認。動的な全装備・ツリーとゲーム内性能の実測ではない。
warrior-shield-wall-smith,https://poe2-build-navi-jp.github.io/builds/warrior/shield-wall-smith/,2026-10-06 JST,https://kami-labs.fr/en/path-of-exile-2/builds-path-of-exile-2/build-guerrier-shieldwall-smith-kitava-saison-5/,verified,Article 0.5,,原典の記述・出典の確認。動的な全装備・ツリーとゲーム内性能の実測ではない。
warrior-shield-wall-smith,https://poe2-build-navi-jp.github.io/builds/warrior/shield-wall-smith/,2026-10-06 JST,https://maxroll.gg/poe2/resources/smith-of-kitava-ascendancy-overview,unverified,,,原典の記述・出典の確認。動的な全装備・ツリーとゲーム内性能の実測ではない。
sorceress-sand-fire,https://poe2-build-navi-jp.github.io/builds/sorceress/sand-and-fire/,2026-10-06 JST,https://mobalytics.gg/poe-2/profile/phazeplays/builds/0-4-phazeplays-sandscorcher-campaign-guide,accessible_original,0.5 title/body; 0.5.5 FR tag,2026-09-01,原典の記述・出典の確認。動的な全装備・ツリーとゲーム内性能の実測ではない。
sorceress-sand-fire,https://poe2-build-navi-jp.github.io/builds/sorceress/sand-and-fire/,2026-10-06 JST,https://mobalytics.gg/poe-2/builds/minion2win-varashta-campaign-build-guide,accessible_original,0.5.5 title/tag,2026-09-28,原典の記述・出典の確認。動的な全装備・ツリーとゲーム内性能の実測ではない。
sorceress-sand-fire,https://poe2-build-navi-jp.github.io/builds/sorceress/sand-and-fire/,2026-10-06 JST,https://note.com/poe2_sat/n/n5d5723c96d96,accessible_original,0.5 title,2026-08-31 20:07,原典の記述・出典の確認。動的な全装備・ツリーとゲーム内性能の実測ではない。
sorceress-sand-fire,https://poe2-build-navi-jp.github.io/builds/sorceress/sand-and-fire/,2026-10-06 JST,https://mobalytics.gg/poe-2/builds/sandscorcher-disciple-of-varashta,accessible_original,0.5 title/body; 0.5.5 FR tag,2026-09-01,原典の記述・出典の確認。動的な全装備・ツリーとゲーム内性能の実測ではない。
sorceress-sand-fire,https://poe2-build-navi-jp.github.io/builds/sorceress/sand-and-fire/,2026-10-06 JST,https://maxroll.gg/poe2/build-guides/disciple-of-varashta-minion-build-guide,unverifiable_nonretryable_error,,,原典の記述・出典の確認。動的な全装備・ツリーとゲーム内性能の実測ではない。
sorceress-sand-fire,https://poe2-build-navi-jp.github.io/builds/sorceress/sand-and-fire/,2026-10-06 JST,https://www.poe-vault.com/poe2/sorceress/disciple-of-varashta/djinn-commander-leveling-build,accessible_original,0.5.5 changelog,2026-08-28,原典の記述・出典の確認。動的な全装備・ツリーとゲーム内性能の実測ではない。
sorceress-sand-fire,https://poe2-build-navi-jp.github.io/builds/sorceress/sand-and-fire/,2026-10-06 JST,https://gamerch.com/poe2/954611,accessible_original,0.5.5 article statement,2026-09-18 22:16,原典の記述・出典の確認。動的な全装備・ツリーとゲーム内性能の実測ではない。
huntress-companion,https://poe2-build-navi-jp.github.io/builds/huntress/companion/,2026-10-06 JST,https://mobalytics.gg/poe-2/builds/spirit-walker-beast-master,accessible_original,0.5 title; 0.5.5 FR tag,2026-09-15,原典の記述・出典の確認。動的な全装備・ツリーとゲーム内性能の実測ではない。
huntress-companion,https://poe2-build-navi-jp.github.io/builds/huntress/companion/,2026-10-06 JST,https://mobalytics.gg/poe-2/builds/companion-huntress-league-starter,accessible_original,0.5 title; 0.5.5 FR tag,2026-09-05,原典の記述・出典の確認。動的な全装備・ツリーとゲーム内性能の実測ではない。
huntress-companion,https://poe2-build-navi-jp.github.io/builds/huntress/companion/,2026-10-06 JST,https://maxroll.gg/poe2/build-guides/companion-spirit-walker-build-guide,unverifiable_nonretryable_error,,,原典の記述・出典の確認。動的な全装備・ツリーとゲーム内性能の実測ではない。
huntress-companion,https://poe2-build-navi-jp.github.io/builds/huntress/companion/,2026-10-06 JST,https://www.poe-vault.com/poe2/huntress/spirit-walker/companion-leveling-build,accessible_original,0.5 ascendancy discussion,2026-05-30,原典の記述・出典の確認。動的な全装備・ツリーとゲーム内性能の実測ではない。
huntress-companion,https://poe2-build-navi-jp.github.io/builds/huntress/companion/,2026-10-06 JST,https://www.poe-vault.com/poe2/huntress/spirit-walker/tamed-boss-beast-build-guide,accessible_original,0.5 changelog,2026-06-25,原典の記述・出典の確認。動的な全装備・ツリーとゲーム内性能の実測ではない。
huntress-companion,https://poe2-build-navi-jp.github.io/builds/huntress/companion/,2026-10-06 JST,https://odealo.com/articles/tame-unique-beast-spirit-walker-poe-2-build,accessible_original,0.5.0 guide notes,2026-06-04,原典の記述・出典の確認。動的な全装備・ツリーとゲーム内性能の実測ではない。
huntress-companion,https://poe2-build-navi-jp.github.io/builds/huntress/companion/,2026-10-06 JST,https://gamerch.com/poe2/988238,accessible_original,,2026-09-18 21:38,原典の記述・出典の確認。動的な全装備・ツリーとゲーム内性能の実測ではない。
ranger-ice-shot-deadeye,https://poe2-build-navi-jp.github.io/builds/ranger/ice-shot-deadeye/,2026-10-06 JST,https://mobalytics.gg/poe-2/builds/ice-shot-deadeye-leveling-guide,accessible_original,0.5 title; 0.5.5 FR tag,2026-09-12,原典の記述・出典の確認。動的な全装備・ツリーとゲーム内性能の実測ではない。
ranger-ice-shot-deadeye,https://poe2-build-navi-jp.github.io/builds/ranger/ice-shot-deadeye/,2026-10-06 JST,https://mobalytics.gg/poe-2/builds/ice-shot-deadeye,accessible_original,0.5.5 title/tag,2026-09-12,原典の記述・出典の確認。動的な全装備・ツリーとゲーム内性能の実測ではない。
ranger-ice-shot-deadeye,https://poe2-build-navi-jp.github.io/builds/ranger/ice-shot-deadeye/,2026-10-06 JST,https://note.com/dybotiam/n/n20fcbdab59e4,accessible_original,0.5 in title; test run explicitly in 0.4 environment,2026-05-23 17:45,原典の記述・出典の確認。動的な全装備・ツリーとゲーム内性能の実測ではない。
ranger-ice-shot-deadeye,https://poe2-build-navi-jp.github.io/builds/ranger/ice-shot-deadeye/,2026-10-06 JST,https://maxroll.gg/poe2/build-guides/ice-shot-deadeye-build-guide,unverifiable_nonretryable_error,,,原典の記述・出典の確認。動的な全装備・ツリーとゲーム内性能の実測ではない。
ranger-ice-shot-deadeye,https://poe2-build-navi-jp.github.io/builds/ranger/ice-shot-deadeye/,2026-10-06 JST,https://gamerch.com/poe2/955377,accessible_original,0.5.0 explicit article statement,2026-09-14 14:39,原典の記述・出典の確認。動的な全装備・ツリーとゲーム内性能の実測ではない。
witch-minion-infernalist,https://poe2-build-navi-jp.github.io/builds/witch/minion-infernalist/,2026-10-06 JST,https://mobalytics.gg/poe-2/builds/thyworm-infernalist-leveling,accessible_original,0.5.5 title/tag; some 0.5 prospective wording retained,2026-09-04,原典の記述・出典の確認。動的な全装備・ツリーとゲーム内性能の実測ではない。
witch-minion-infernalist,https://poe2-build-navi-jp.github.io/builds/witch/minion-infernalist/,2026-10-06 JST,https://mobalytics.gg/poe-2/builds/witch-minions-leveling,accessible_original,0.5.5 title/tag,2026-09-06,原典の記述・出典の確認。動的な全装備・ツリーとゲーム内性能の実測ではない。
witch-minion-infernalist,https://poe2-build-navi-jp.github.io/builds/witch/minion-infernalist/,2026-10-06 JST,https://maxroll.gg/poe2/build-guides/skeletal-sniper-infernalist-build-guide,unverifiable_nonretryable_error,,,原典の記述・出典の確認。動的な全装備・ツリーとゲーム内性能の実測ではない。
witch-minion-infernalist,https://poe2-build-navi-jp.github.io/builds/witch/minion-infernalist/,2026-10-06 JST,https://www.poe-vault.com/poe2/witch/infernalist/minion-leveling-build,accessible_original,0.5 changelog,"Displayed changelog: May 26th, 2025",原典の記述・出典の確認。動的な全装備・ツリーとゲーム内性能の実測ではない。
witch-minion-infernalist,https://poe2-build-navi-jp.github.io/builds/witch/minion-infernalist/,2026-10-06 JST,https://www.poe-vault.com/poe2/witch/infernalist/spectre-build-guide,accessible_original,0.5 changelog,2026-06-24,原典の記述・出典の確認。動的な全装備・ツリーとゲーム内性能の実測ではない。
druid-plant-oracle,https://poe2-build-navi-jp.github.io/builds/druid/plant-oracle/,2026-10-06 JST,https://mobalytics.gg/poe-2/builds/plant-oracle-druid-leveling-build-guide,accessible_original,0.5.5 title/tag/changelog,2026-09-11 header; 2026-09-03 patch changelog,原典の記述・出典の確認。動的な全装備・ツリーとゲーム内性能の実測ではない。
druid-plant-oracle,https://poe2-build-navi-jp.github.io/builds/druid/plant-oracle/,2026-10-06 JST,https://mobalytics.gg/poe-2/builds/plant-druid-oracle-endgame-guide,accessible_original,0.5.5 title/tag,2026-09-03,原典の記述・出典の確認。動的な全装備・ツリーとゲーム内性能の実測ではない。
druid-plant-oracle,https://poe2-build-navi-jp.github.io/builds/druid/plant-oracle/,2026-10-06 JST,https://note.com/cosine1016/n/n76a4972476a0,accessible_original,0.5 title,2026-06-06 22:44,原典の記述・出典の確認。動的な全装備・ツリーとゲーム内性能の実測ではない。
druid-plant-oracle,https://poe2-build-navi-jp.github.io/builds/druid/plant-oracle/,2026-10-06 JST,https://gamerch.com/poe2/954990,accessible_original,,2026-09-01 12:17,原典の記述・出典の確認。動的な全装備・ツリーとゲーム内性能の実測ではない。
druid-plant-oracle,https://poe2-build-navi-jp.github.io/builds/druid/plant-oracle/,2026-10-06 JST,https://maxroll.gg/poe2/build-guides/entangle-oracle-build-guide,unverifiable_nonretryable_error,,,原典の記述・出典の確認。動的な全装備・ツリーとゲーム内性能の実測ではない。
witch-ed-contagion-lich,https://poe2-build-navi-jp.github.io/builds/witch/ed-contagion-lich/,2026-10-06 JST,https://mobalytics.gg/poe-2/builds/chaos-dot-lich-starter-deadrabbit,accessible_original,0.5.5 title/tag,2026-09-27,原典の記述・出典の確認。動的な全装備・ツリーとゲーム内性能の実測ではない。
witch-ed-contagion-lich,https://poe2-build-navi-jp.github.io/builds/witch/ed-contagion-lich/,2026-10-06 JST,https://maxroll.gg/poe2/build-guides/essence-drain-lich-build-guide,unverifiable_nonretryable_error,,,原典の記述・出典の確認。動的な全装備・ツリーとゲーム内性能の実測ではない。
witch-ed-contagion-lich,https://poe2-build-navi-jp.github.io/builds/witch/ed-contagion-lich/,2026-10-06 JST,https://maxroll.gg/poe2/build-guides/essence-drain-lich-leveling-build-guide,unverifiable_nonretryable_error,,,原典の記述・出典の確認。動的な全装備・ツリーとゲーム内性能の実測ではない。
witch-ed-contagion-lich,https://poe2-build-navi-jp.github.io/builds/witch/ed-contagion-lich/,2026-10-06 JST,https://www.poe-vault.com/poe2/witch/lich/chaos-leveling-build,accessible_original,0.5.1 tree changelog,2026-06-04,原典の記述・出典の確認。動的な全装備・ツリーとゲーム内性能の実測ではない。
witch-ed-contagion-lich,https://poe2-build-navi-jp.github.io/builds/witch/ed-contagion-lich/,2026-10-06 JST,https://gamerch.com/poe2/914451,accessible_original,0.5.5 explicit article statement,2026-09-18 23:16,原典の記述・出典の確認。動的な全装備・ツリーとゲーム内性能の実測ではない。
mercenary-grenade-gemling,https://poe2-build-navi-jp.github.io/builds/mercenary/grenade-gemling/,2026-10-06 JST,https://mobalytics.gg/poe-2/builds/deadrabbit-grenades-gemling-league-starter,verified,Title/tag 0.5.5,2026-09-22,原典の記述・出典の確認。動的な全装備・ツリーとゲーム内性能の実測ではない。
mercenary-grenade-gemling,https://poe2-build-navi-jp.github.io/builds/mercenary/grenade-gemling/,2026-10-06 JST,https://www.poe-vault.com/poe2/mercenary/gemling-legionnaire/grenadier-build-guide,verified,Changelog guide added 2026-07-09 for 0.5; unique update July15,2026-07-15,原典の記述・出典の確認。動的な全装備・ツリーとゲーム内性能の実測ではない。
mercenary-grenade-gemling,https://poe2-build-navi-jp.github.io/builds/mercenary/grenade-gemling/,2026-10-06 JST,https://www.aoeah.com/news/4788--poe-2-055-best-gemling-build--top-3-best-league-start--endgame-gemling-builds,verified,0.5.5,,原典の記述・出典の確認。動的な全装備・ツリーとゲーム内性能の実測ではない。
mercenary-grenade-gemling,https://poe2-build-navi-jp.github.io/builds/mercenary/grenade-gemling/,2026-10-06 JST,https://maxroll.gg/poe2/build-guides/explosive-grenade-gas-grenade-mercenary-leveling-build-guide,unverified,,,原典の記述・出典の確認。動的な全装備・ツリーとゲーム内性能の実測ではない。
huntress-twister-spirit-walker,https://poe2-build-navi-jp.github.io/builds/huntress/twister-spirit-walker/,2026-10-06 JST,https://note.com/fresh_okapi3816/n/nbe96101eda53,verified,Title 0.5.5,,原典の記述・出典の確認。動的な全装備・ツリーとゲーム内性能の実測ではない。
huntress-twister-spirit-walker,https://poe2-build-navi-jp.github.io/builds/huntress/twister-spirit-walker/,2026-10-06 JST,https://pathofexile.gg/spirit-walker-elemental-twister-build/,verified,Body 0.5,,原典の記述・出典の確認。動的な全装備・ツリーとゲーム内性能の実測ではない。
huntress-twister-spirit-walker,https://poe2-build-navi-jp.github.io/builds/huntress/twister-spirit-walker/,2026-10-06 JST,https://maxroll.gg/poe2/build-guides/spirit-walker-twisters,unverified,,,原典の記述・出典の確認。動的な全装備・ツリーとゲーム内性能の実測ではない。
sorceress-spark-stormweaver,https://poe2-build-navi-jp.github.io/builds/sorceress/spark-stormweaver/,2026-10-06 JST,https://www.poe-vault.com/poe2/witch/blood-mage/spark-leveling-build,verified,Body 0.5; changelog June4 says skill tree 0.5.1,2026-09-03T22:28:00,原典の記述・出典の確認。動的な全装備・ツリーとゲーム内性能の実測ではない。
sorceress-spark-stormweaver,https://poe2-build-navi-jp.github.io/builds/sorceress/spark-stormweaver/,2026-10-06 JST,https://pathofexile.gg/stormweaver-coc-comet-spark-build/,verified,No explicit patch in inspected body; do not infer 0.5.5 from date,,原典の記述・出典の確認。動的な全装備・ツリーとゲーム内性能の実測ではない。
sorceress-spark-stormweaver,https://poe2-build-navi-jp.github.io/builds/sorceress/spark-stormweaver/,2026-10-06 JST,https://www.poe-vault.com/poe2/sorceress/stormweaver/spark-comet-stormweaver-mana-stacking-endgame-build,verified,Changelog created for 0.5.5,,原典の記述・出典の確認。動的な全装備・ツリーとゲーム内性能の実測ではない。
